hardware,seed,K,sample_id,rel_u_phi,rel_u_psi,rel_sol,rel_phi,rel_psi,balance_max_abs,artifact_rel_sol_abs_difference
nvidia_a40,2,5,0,0.014035680063248809,0.014785503178918405,0.009424821515284065,0.23442409965062755,0.24935458883379338,8.881784197001252e-16,6.591949208711867e-17
nvidia_a40,2,5,1,0.040922898263117825,0.025627096448111075,0.01720720530352042,0.4220874067378284,0.4223866817743193,4.440892098500626e-16,2.0816681711721685e-17
nvidia_a40,2,5,2,0.009409503730922242,0.010669444765098911,0.00700172131955746,0.3132054976732248,0.31394209729338124,1.3322676295501878e-15,5.984795992119984e-17
nvidia_a40,2,5,3,0.0170876249944529,0.010930752612194804,0.008459085535290088,0.40389498538801744,0.389731693837042,1.7763568394002505e-15,1.214306433183765e-17
nvidia_a40,2,5,4,0.033611239058664776,0.02146556012402453,0.014535253249771144,0.35251702652987704,0.32888850680448983,4.440892098500626e-16,4.5102810375396984e-17
nvidia_a40,2,5,5,0.026241696872308852,0.025521690830434613,0.01184718264586686,0.2431132124557086,0.22542941541682074,4.440892098500626e-16,5.898059818321144e-17
nvidia_a40,2,5,6,0.0432823126894881,0.025901176616666414,0.015354422636282,0.2677631955284331,0.33030606890342784,4.440892098500626e-16,0.0
nvidia_a40,2,5,7,0.03426250438471652,0.02168615811525705,0.01438771733833744,0.37611206609311176,0.3247369469830224,4.3194614551822497e-16,3.9898639947466563e-17
nvidia_a40,2,5,8,0.014810490854601902,0.014955129757093504,0.008769127918997182,0.4274613627234957,0.332805747050197,1.7763568394002505e-15,8.153200337090993e-17
nvidia_a40,2,5,9,0.009834010887367661,0.009326533931563586,0.007448758691628124,0.282234603802274,0.3104886888345946,1.5543122344752192e-15,2.42861286636753e-17
nvidia_a40,2,5,10,0.012265780216473928,0.012126008678417921,0.009320330406932049,0.260655350953886,0.28195680730471556,5.551115123125783e-16,4.85722573273506e-17
nvidia_a40,2,5,11,0.020560171186692833,0.018196961176538,0.010604223249862071,0.3459643367252481,0.32680024918711936,6.661338147750939e-16,7.112366251504909e-17
nvidia_a40,2,5,12,0.0183546619322588,0.017496016069222426,0.011207756999206342,0.2607373459909702,0.21884663329492918,8.881784197001252e-16,4.163336342344337e-17
nvidia_a40,2,5,13,0.008476853724820642,0.011857219963887623,0.0074244471860548545,0.28217911159292874,0.28675873531966906,1.3322676295501878e-15,5.4643789493269423e-17
nvidia_a40,2,5,14,0.038294579256359,0.041777925727467774,0.01907928949048469,0.2197495166166193,0.21627915278483653,2.498001805406602e-16,9.020562075079397e-17
nvidia_a40,2,5,15,0.07088036148594262,0.052432331378489704,0.029946016549273712,0.33991445445046675,0.3044781979043717,2.220446049250313e-16,1.3877787807814457e-17
nvidia_a40,2,5,16,0.0201598056607471,0.01464031682268503,0.010589005103976036,0.15666601471066002,0.2780424542444509,6.661338147750939e-16,3.642919299551295e-17
nvidia_a40,2,5,17,0.016774348541168792,0.013770690798094764,0.010018268986459081,0.311040822474654,0.2346777517717703,6.661338147750939e-16,8.153200337090993e-17
nvidia_a40,2,5,18,0.009187115583062316,0.009459300608594382,0.00779455757969633,0.25053749401134623,0.29778015764981264,8.881784197001252e-16,2.949029909160572e-17
nvidia_a40,2,5,19,0.018908672205713593,0.018449129647771605,0.011959507713490301,0.19129029879413906,0.20647418380806581,8.881784197001252e-16,1.734723475976807e-18
nvidia_a40,2,5,20,0.015170866631093547,0.015345578400985311,0.010122238686858246,0.2721799758209263,0.3230868703950027,6.661338147750939e-16,4.683753385137379e-17
nvidia_a40,2,5,21,0.013206792572093111,0.010117418891517353,0.008329106656478553,0.3094291398675185,0.26537315658735433,1.3322676295501878e-15,5.377642775528102e-17
nvidia_a40,2,5,22,0.008459634449659944,0.010615274890852074,0.006862914220730189,0.2652724419243967,0.3369084236541261,6.661338147750939e-16,1.1275702593849246e-17
nvidia_a40,2,5,23,0.01180392111613214,0.010466778797210098,0.00728184411166001,0.40893107102693466,0.3520822578584035,1.1102230246251565e-15,1.0408340855860843e-17
nvidia_a40,2,5,24,0.02292032237663633,0.017239708211906665,0.011654974856203135,0.34183668673436457,0.25857648368536335,1.5543122344752192e-15,3.469446951953614e-17
nvidia_a40,2,5,25,0.017846692955855226,0.013089087695100934,0.009551080030519679,0.2997831271205404,0.31884833551017727,4.440892098500626e-16,2.0816681711721685e-17
nvidia_a40,2,5,26,0.03339124128707047,0.02807738199343427,0.01342653025299299,0.2566195656404334,0.2625431964419164,5.551115123125783e-16,9.020562075079397e-17
nvidia_a40,2,5,27,0.015163514089421962,0.015941783504588025,0.007784200719299118,0.31630468203518064,0.24481674603002002,8.881784197001252e-16,1.8214596497756474e-17
nvidia_a40,2,5,28,0.0143616322113524,0.011621864007423911,0.008280012340814604,0.3122319281578024,0.3405766791539253,1.2212453270876722e-15,3.469446951953614e-18
nvidia_a40,2,5,29,0.02052809472498879,0.013249997643787724,0.009260506743897204,0.39191217505227854,0.3178674940437055,2.220446049250313e-15,1.0408340855860843e-16
nvidia_a40,2,5,30,0.02546238892847406,0.01149395880563817,0.010485068420912385,0.4587329623225016,0.3365309577495328,5.551115123125783e-16,8.500145032286355e-17
nvidia_a40,2,5,31,0.016780455530360443,0.010923504913029944,0.008899607444141503,0.3643638878750998,0.32584821038645423,1.7763568394002505e-15,3.469446951953614e-18
nvidia_a40,2,5,32,0.02210047160830674,0.013838213740824109,0.011172847921981135,0.3971084930428911,0.349287902842037,1.7763568394002505e-15,3.469446951953614e-17
nvidia_a40,2,5,33,0.0214314018008612,0.02025545489473542,0.012850334068488971,0.2900234936091646,0.28926460958354644,4.440892098500626e-16,2.949029909160572e-17
nvidia_a40,2,5,34,0.02308590965931161,0.01989879088226831,0.010220100947672778,0.3161636422747638,0.26798873623378605,4.440892098500626e-16,7.806255641895632e-17
nvidia_a40,2,5,35,0.025462367583914527,0.023173796483331857,0.01346955026346387,0.23612430843949667,0.22275776635133934,5.551115123125783e-16,2.949029909160572e-17
nvidia_a40,2,5,36,0.04966768538111387,0.03372205302818965,0.019129988713669378,0.34078324569908897,0.3382417801631646,4.440892098500626e-16,1.214306433183765e-16
nvidia_a40,2,5,37,0.036119435659929734,0.018466086508533576,0.013243473421800909,0.23893372780224575,0.2348535904672115,4.440892098500626e-16,8.673617379884035e-18
nvidia_a40,2,5,38,0.024081928076898625,0.02543853995245092,0.013143007089852981,0.24286311042013822,0.23996584792200215,4.440892098500626e-16,8.153200337090993e-17
nvidia_a40,2,5,39,0.011963230008459185,0.01123851163307984,0.007531759963295271,0.3038749744072744,0.28248914683745174,8.881784197001252e-16,7.025630077706069e-17
nvidia_a40,2,5,40,0.030311081461724333,0.025167524702842017,0.013841540235647121,0.28758136012854374,0.41209434398879685,3.608224830031759e-16,2.0816681711721685e-17
nvidia_a40,2,5,41,0.009168741538414713,0.00957139947800179,0.007304905256575735,0.29478332449467076,0.3112471708715593,1.7763568394002505e-15,3.469446951953614e-17
nvidia_a40,2,5,42,0.019113069631095096,0.01098529974651084,0.008917223168617958,0.3837152821459878,0.34674814300546714,1.3322676295501878e-15,5.898059818321144e-17
nvidia_a40,2,5,43,0.042296130255469855,0.033399195277646676,0.021741917182129075,0.30055191763395966,0.30970726104810037,8.881784197001252e-16,2.42861286636753e-17
nvidia_a40,2,5,44,0.019955697877429752,0.01283281715056351,0.009353633739347394,0.427967205771071,0.3881209821273693,1.5543122344752192e-15,9.367506770274758e-17
nvidia_a40,2,5,45,0.030830602821842638,0.02164752886769776,0.014803781775502196,0.3163833854450319,0.27752021981371566,2.220446049250313e-16,3.469446951953614e-18
nvidia_a40,2,5,46,0.02314873902711195,0.015720662652621314,0.01218574490421433,0.26193175962944404,0.22093123333826903,6.661338147750939e-16,2.949029909160572e-17
nvidia_a40,2,5,47,0.037140347473416574,0.02574708406653298,0.015988232934616813,0.2944213327600697,0.2291508603977515,6.661338147750939e-16,1.3877787807814457e-17
nvidia_a40,2,5,48,0.012834808485653772,0.013170131952153503,0.008059578038093845,0.21233177371765938,0.2953820133749736,7.771561172376096e-16,4.5102810375396984e-17
nvidia_a40,2,5,49,0.01386703636235776,0.013149371267410377,0.0079227246486527,0.20804703243257827,0.27511659694799173,4.440892098500626e-16,0.0
nvidia_a40,2,5,50,0.0181830533017331,0.012383678436710543,0.009714564350012892,0.3658464125409887,0.2610915260010798,7.008282842946301e-16,8.673617379884035e-18
nvidia_a40,2,5,51,0.013351587365129326,0.015028896403409207,0.009643684162148624,0.30120685471399017,0.2702553942004639,1.3322676295501878e-15,2.42861286636753e-17
nvidia_a40,2,5,52,0.015479381135531805,0.01070141169085242,0.0090097915318976,0.33818584878966335,0.3298431680613711,1.3322676295501878e-15,0.0
nvidia_a40,2,5,53,0.029236683964627017,0.023064379713884635,0.01627721836462113,0.22003463101727627,0.2725163377738081,3.3306690738754696e-16,3.122502256758253e-17
nvidia_a40,2,5,54,0.028697517115012807,0.021737394827466415,0.014779876315050683,0.3472892645460989,0.20335950238004588,4.440892098500626e-16,1.734723475976807e-17
nvidia_a40,2,5,55,0.019821015991334148,0.01719751030545727,0.010822920171708285,0.25892885197386734,0.2253844763467536,6.661338147750939e-16,1.5612511283791264e-17
nvidia_a40,2,5,56,0.025787897642768644,0.01856838219111244,0.010906146099397758,0.36933538057338555,0.2747597699811651,3.3306690738754696e-16,5.724587470723463e-17
nvidia_a40,2,5,57,0.01953240661773556,0.015316303980453722,0.010739986056262139,0.28570450411492077,0.2172803137490318,6.661338147750939e-16,3.8163916471489756e-17
nvidia_a40,2,5,58,0.017077300801121686,0.018855206549254346,0.00962141379891073,0.33156714480166005,0.30584449036887257,6.661338147750939e-16,2.949029909160572e-17
nvidia_a40,2,5,59,0.02829063144540171,0.016301315038443672,0.011799398507594528,0.3508149285513491,0.2731333387515925,4.440892098500626e-16,2.7755575615628914e-17
nvidia_a40,2,5,60,0.028349518596565523,0.013066721065852854,0.010911724642800855,0.31419682884705136,0.34932657525768934,6.661338147750939e-16,5.551115123125783e-17
nvidia_a40,2,5,61,0.016456132367770663,0.01105610918058926,0.008633157624633578,0.2630825557973501,0.32079768310316953,8.881784197001252e-16,7.806255641895632e-17
nvidia_a40,2,5,62,0.05006974326363093,0.024302113509727385,0.018643764146062648,0.3623070433685407,0.34941563938712994,6.661338147750939e-16,4.85722573273506e-17
nvidia_a40,2,5,63,0.012741547050293947,0.011769300214628525,0.007195502272968198,0.20144137292252087,0.2648627667285637,6.661338147750939e-16,9.80118763926896e-17
nvidia_a40,2,5,64,0.018441779107503217,0.010900407220634673,0.008386477421234457,0.34513520866161224,0.35108440636891275,1.2212453270876722e-15,5.724587470723463e-17
nvidia_a40,2,5,65,0.027178388544063955,0.017504232770488543,0.010939218678193877,0.3905019880003127,0.35261940576094397,1.3322676295501878e-15,2.2551405187698492e-17
nvidia_a40,2,5,66,0.021161659124790497,0.015612395866159248,0.009562589029203414,0.32606072870814784,0.28712996690738485,1.7763568394002505e-15,1.3877787807814457e-17
nvidia_a40,2,5,67,0.030609412878249777,0.022161144929552856,0.01313313545597127,0.338028357124003,0.31186123779008934,3.3306690738754696e-16,6.938893903907228e-17
nvidia_a40,2,5,68,0.0169703711381824,0.012319392015887814,0.008603330969590062,0.3108894091887038,0.29589929909587037,7.771561172376096e-16,6.245004513516506e-17
nvidia_a40,2,5,69,0.017425037762049907,0.012454072030670156,0.008787628407858968,0.30028566183053984,0.39171740388202053,7.771561172376096e-16,6.765421556309548e-17
nvidia_a40,2,5,70,0.011420282348116376,0.013335244029091262,0.007103919229853887,0.3058347660639623,0.36018914096899995,1.3322676295501878e-15,8.673617379884035e-17
nvidia_a40,2,5,71,0.015401729228554524,0.01299611465801489,0.008687512587749333,0.2774428576551271,0.2198949254663692,4.440892098500626e-16,6.591949208711867e-17
nvidia_a40,2,5,72,0.028299451992105044,0.02623004302292194,0.014945071647208234,0.29406912031751853,0.28136008858342754,6.661338147750939e-16,3.469446951953614e-17
nvidia_a40,2,5,73,0.012923829455521858,0.011294409523860299,0.008404478438618135,0.30994260973776155,0.3246772305658485,1.5543122344752192e-15,3.469446951953614e-17
nvidia_a40,2,5,74,0.012908012413984647,0.011249207530916225,0.008738989900045672,0.3417225633599074,0.25730378331527437,4.440892098500626e-16,2.7755575615628914e-17
nvidia_a40,2,5,75,0.011415656360795577,0.009104561979553753,0.007705004333670111,0.30914597144001243,0.30612523522303847,1.7763568394002505e-15,1.1275702593849246e-17
nvidia_a40,2,5,76,0.046488102583264745,0.03515990696148214,0.019468653164613995,0.3839451062341387,0.27756745480950995,4.163336342344337e-16,3.469446951953614e-18
nvidia_a40,2,5,77,0.04564764321371087,0.03485052968742687,0.022058751130604317,0.19036474165880315,0.2508917023646733,2.220446049250313e-16,1.734723475976807e-17
nvidia_a40,2,5,78,0.014370196926412965,0.013760433867597177,0.009417910342804281,0.3627283243712362,0.3067788289415069,1.1102230246251565e-15,8.153200337090993e-17
nvidia_a40,2,5,79,0.019925504909697255,0.01234248239803031,0.00997080809030541,0.3608159547792578,0.3319686335892501,1.3322676295501878e-15,1.0408340855860843e-17
nvidia_a40,2,5,80,0.016546246396368564,0.015039058839747144,0.007883154620204962,0.2920692231596609,0.23117344091153344,1.3322676295501878e-15,6.245004513516506e-17
nvidia_a40,2,5,81,0.015004470238731138,0.013446499181752917,0.009057703604628698,0.2063681521661304,0.2723135710513281,2.220446049250313e-16,1.734723475976807e-18
nvidia_a40,2,5,82,0.014681394942326505,0.015985464609177335,0.010427153865672672,0.22873699311427265,0.23573431808143017,2.220446049250313e-16,7.28583859910259e-17
nvidia_a40,2,5,83,0.032564522554842365,0.02885535880748959,0.015015625774996547,0.1795060837043192,0.22035227873551713,7.771561172376096e-16,4.683753385137379e-17
nvidia_a40,2,5,84,0.0235641626959466,0.022399995961007602,0.011604324367114872,0.3121859782995194,0.2515377317696132,4.440892098500626e-16,7.28583859910259e-17
nvidia_a40,2,5,85,0.012317908613819206,0.010875421158445513,0.00868583866951405,0.3326278080952473,0.3120477728303171,1.5543122344752192e-15,5.0306980803327406e-17
nvidia_a40,2,5,86,0.03676286369263393,0.017316841427825268,0.014418641340881059,0.24402156775456305,0.202335670017726,4.440892098500626e-16,5.898059818321144e-17
nvidia_a40,2,5,87,0.014776567891131956,0.014085822561429083,0.008080562596020172,0.30094296664692416,0.2636496637709813,8.881784197001252e-16,7.112366251504909e-17
nvidia_a40,2,5,88,0.010778904842241642,0.010199860680248685,0.0072050500535971555,0.2812880624589712,0.303408822831728,1.7763568394002505e-15,5.551115123125783e-17
nvidia_a40,2,5,89,0.025085186348595204,0.020243344695434665,0.010654351430912985,0.21394267691894303,0.31360416181522155,3.3306690738754696e-16,8.500145032286355e-17
nvidia_a40,2,5,90,0.014034573056669464,0.009696006699636757,0.007433373201853935,0.301833807361852,0.32497879150482906,1.1102230246251565e-15,3.469446951953614e-17
nvidia_a40,2,5,91,0.02258404862399369,0.02184904570772629,0.010823354016135541,0.175309023696561,0.2603741581872762,8.881784197001252e-16,4.163336342344337e-17
nvidia_a40,2,5,92,0.013320572912139053,0.010299960885543963,0.00818463154306555,0.3337972325080218,0.31588851225520936,1.1102230246251565e-15,5.0306980803327406e-17
nvidia_a40,2,5,93,0.019772900965831494,0.01819635053319158,0.01025394643714662,0.30897084599651525,0.27825604975185847,1.7763568394002505e-15,1.9081958235744878e-17
nvidia_a40,2,5,94,0.015040749196060497,0.014227158281517579,0.009635300091454599,0.28798518695983755,0.3499642817503807,7.216449660063518e-16,1.734723475976807e-18
nvidia_a40,2,5,95,0.02241909089856455,0.015378821922794167,0.010881061350316041,0.2533959066151036,0.2990816450771494,2.220446049250313e-16,4.163336342344337e-17
nvidia_a40,2,5,96,0.011447173822632266,0.0115078723888753,0.00731885967977715,0.2824006379453291,0.31397233888473114,1.5543122344752192e-15,5.0306980803327406e-17
nvidia_a40,2,5,97,0.03592374684931984,0.015931784108916974,0.013788008859289404,0.3486905872681934,0.32970060047892413,3.3306690738754696e-16,1.0408340855860843e-16
nvidia_a40,2,5,98,0.012198560685561017,0.013394322571906854,0.008638629981208094,0.2974960370015834,0.30374819668716246,8.881784197001252e-16,5.204170427930421e-18
nvidia_a40,2,5,99,0.027305555931780252,0.015468396069319119,0.01106424627893858,0.316723331822668,0.3175367167262608,8.881784197001252e-16,7.979727989493313e-17
