hardware,seed,K,run_path,best_epoch,best_step,best_val_energy,final_val_energy,final_train_energy,val_end_over_best,val_last10_over_previous10,train_last10_over_previous10,optimizer_ms,peak_device_memory_mib,success_marker,parameter_count,cpu_runtime_log,artifact_original_outdir,timestamped_train_epochs,steady_epoch_seconds,trainer_wall_hours,log_span_hours_including_export,log_first_timestamp,log_last_timestamp,loss_mean,loss_max,boundary_weight_mean,boundary_weight_max,loss_energy_optimized_mean,loss_energy_optimized_max,loss_energy_consistency_mean,loss_energy_consistency_max,loss_energy_bulk_mean,loss_energy_bulk_max,loss_energy_boundary_mean,loss_energy_boundary_max,loss_energy_boundary_x_mean,loss_energy_boundary_x_max,loss_energy_boundary_y_mean,loss_energy_boundary_y_max,rel_sol_mean,rel_sol_max,rel_sol_equal_mean_mean,rel_sol_equal_mean_max,weak_weight_phi_mean_mean,weak_weight_phi_mean_max,weak_weight_phi_min_mean,weak_weight_phi_min_max,weak_weight_phi_max_mean,weak_weight_phi_max_max,weak_support_fraction_mean,weak_support_fraction_max,rel_flux_mean,rel_flux_max,rel_sol_p95,rel_sol_median,rel_flux_p95,rel_flux_median,rel_sol_equal_mean_p95,rel_sol_equal_mean_median,final_checkpoint_rel_sol_mean,weak_relative_improvement,weak_sample_win_fraction,tangent_response_mismatch_pre_mean,tangent_response_mismatch_pre_max,tangent_response_mismatch_post_mean,tangent_response_mismatch_post_max,tangent_response_mismatch_ratio_mean,tangent_response_mismatch_ratio_max,tangent_gradient_rms_mean,tangent_gradient_rms_max,tangent_delta_rms_mean,tangent_delta_rms_max,tangent_delta_max_abs_mean,tangent_delta_max_abs_max,tangent_correction_rel_symmetric_pair_mean,tangent_correction_rel_symmetric_pair_max,tangent_eta_cap_enabled_mean,tangent_eta_cap_enabled_max,tangent_eta_star_mean,tangent_eta_star_max,tangent_eta_applied_mean,tangent_eta_applied_max,tangent_eta_capped_mean,tangent_eta_capped_max,tangent_line_search_numerator_mean,tangent_line_search_numerator_max,tangent_line_search_denominator_mean,tangent_line_search_denominator_max,tangent_subspace_dimension_mean,tangent_subspace_dimension_max,tangent_coefficient_0_mean,tangent_coefficient_0_max,tangent_direction_0_active_mean,tangent_direction_0_active_max,tangent_response_cost_k1_mean,tangent_response_cost_k1_max,tangent_coefficient_1_mean,tangent_coefficient_1_max,tangent_direction_1_active_mean,tangent_direction_1_active_max,tangent_response_cost_k2_mean,tangent_response_cost_k2_max,tangent_response_cost_k2_over_k1_mean,tangent_response_cost_k2_over_k1_max,tangent_second_direction_active_mean,tangent_second_direction_active_max,tangent_response_orthogonality_max_mean,tangent_response_orthogonality_max_max,tangent_coefficient_2_mean,tangent_coefficient_2_max,tangent_direction_2_active_mean,tangent_direction_2_active_max,tangent_response_cost_k3_mean,tangent_response_cost_k3_max,tangent_response_cost_k3_over_k2_mean,tangent_response_cost_k3_over_k2_max,tangent_coefficient_3_mean,tangent_coefficient_3_max,tangent_direction_3_active_mean,tangent_direction_3_active_max,tangent_response_cost_k4_mean,tangent_response_cost_k4_max,tangent_response_cost_k4_over_k3_mean,tangent_response_cost_k4_over_k3_max,tangent_coefficient_4_mean,tangent_coefficient_4_max,tangent_direction_4_active_mean,tangent_direction_4_active_max,tangent_response_cost_k5_mean,tangent_response_cost_k5_max,tangent_response_cost_k5_over_k4_mean,tangent_response_cost_k5_over_k4_max,tangent_coefficient_5_mean,tangent_coefficient_5_max,tangent_direction_5_active_mean,tangent_direction_5_active_max,tangent_response_cost_k6_mean,tangent_response_cost_k6_max,tangent_response_cost_k6_over_k5_mean,tangent_response_cost_k6_over_k5_max,tangent_coefficient_6_mean,tangent_coefficient_6_max,tangent_direction_6_active_mean,tangent_direction_6_active_max,tangent_response_cost_k7_mean,tangent_response_cost_k7_max,tangent_response_cost_k7_over_k6_mean,tangent_response_cost_k7_over_k6_max,tangent_coefficient_7_mean,tangent_coefficient_7_max,tangent_direction_7_active_mean,tangent_direction_7_active_max,tangent_response_cost_k8_mean,tangent_response_cost_k8_max,tangent_response_cost_k8_over_k7_mean,tangent_response_cost_k8_over_k7_max,tangent_coefficient_8_mean,tangent_coefficient_8_max,tangent_direction_8_active_mean,tangent_direction_8_active_max,tangent_response_cost_k9_mean,tangent_response_cost_k9_max,tangent_response_cost_k9_over_k8_mean,tangent_response_cost_k9_over_k8_max,tangent_coefficient_9_mean,tangent_coefficient_9_max,tangent_direction_9_active_mean,tangent_direction_9_active_max,tangent_response_cost_k10_mean,tangent_response_cost_k10_max,tangent_response_cost_k10_over_k9_mean,tangent_response_cost_k10_over_k9_max,rel_u_phi_mean,rel_u_psi_mean,rel_phi_mean,rel_psi_mean
nvidia_a40,0,0,checkpoints/numerical_examples/pentagram/nvidia_a40/seed0/pentagram_k0_seed0,100,2400,7.103972556486085e-05,7.103972556486085e-05,5.983424270641497e-05,1.0,0.9934726545150913,0.981504549609419,73.25261583551764,8768.4814453125,False,1482872,not_recorded,/home/jjhong0608/Documents/GreenNetResearch/ComplexGeometry/checkpoints/numerical_examples/pentagram/nvidia_a40/seed0/pentagram_k0_seed0/artifacts_best_energy,100,251.0,7.019444444444445,7.337777777777778,2026-09-02 10:25:37,2026-09-02 17:45:53,6.672464551746036e-05,0.0002012699169224,0.0,0.0,6.672464551746036e-05,0.0002012699169224,0.00014563747101896575,0.0006897136667766,6.672464551746036e-05,0.0002012699169224,7.891282550151138e-05,0.0004884437498542,9.389345947104127e-06,3.281460010514751e-05,6.952347955440884e-05,0.0004650539128047,0.04136498306338088,0.111591883432876,0.04437909249199696,0.1377618541805589,0.5070500046202678,0.5404921833992825,0.25078887582378573,0.255129352681135,0.7447908830615486,0.749247241804494,1.0,1.0,0.4201255429732116,0.6520324649728055,0.072000378643343,0.0366059685482796,0.5582554201784928,0.4164108576076677,0.07989891048965314,0.03972819629035525,0.04136498306338088,0.06791732907020631,0.86,,,,,,,,,,,,,,,,,,,,,,,,,,,,,,,,,,,,,,,,,,,,,,,,,,,,,,,,,,,,,,,,,,,,,,,,,,,,,,,,,,,,,,,,,,,,,,,,,,,,,,,,,,,,,,,0.08328525796291539,0.07296750781847228,0.4254242377457465,0.4148268482006774
mac_studio,1,0,checkpoints/numerical_examples/pentagram/mac_studio/seed1/pentagram_k0_seed1,100,2400,6.96431288980769e-05,6.96431288980769e-05,6.032520022639167e-05,1.0,0.9930634257704153,0.9807149728909378,179.9786627787398,0.0,False,1482872,"runtime_cpu - p_core_count=16 env=ACCELERATE_NUM_THREADS=16,OMP_NUM_THREADS=16,MKL_NUM_THREADS=16 torch_num_threads=12->16 torch_interop_threads=24->1 interop_status=applied flush_denormal_supported=True",/Users/jjhong0608/Documents/ComplexGeometryGreenNet/checkpoints/numerical_examples/pentagram/mac_studio/seed1/pentagram_k0_seed1/artifacts_best_energy,100,227.5,6.345,6.5569444444444445,2026-09-02 10:31:53,2026-09-02 17:05:18,6.726304918210302e-05,0.000199569783107,0.0,0.0,6.726304918210302e-05,0.000199569783107,0.00014219690625727436,0.0006637994566173,6.726304918210302e-05,0.000199569783107,7.493385707517497e-05,0.0004668197869103,9.890033002615515e-06,3.392192713078877e-05,6.504382407256222e-05,0.0004434418203525,0.04189769990934436,0.1282449093720823,0.04458983897315952,0.139342027154441,0.5069020383647925,0.5359723443261084,0.2508986412461547,0.254387448296951,0.7445458608990363,0.7493493895534838,1.0,1.0,0.47018162125120866,0.7855201622634156,0.07714413630134818,0.03709683067418365,0.6356044614847264,0.467670288586545,0.08078338533221736,0.040880753198627204,0.04189769990934436,0.0603756175355481,0.79,,,,,,,,,,,,,,,,,,,,,,,,,,,,,,,,,,,,,,,,,,,,,,,,,,,,,,,,,,,,,,,,,,,,,,,,,,,,,,,,,,,,,,,,,,,,,,,,,,,,,,,,,,,,,,,0.08369246389533327,0.07436695173474364,0.47507871746602653,0.4652845250363877
nvidia_a40,2,0,checkpoints/numerical_examples/pentagram/nvidia_a40/seed2/pentagram_k0_seed2,93,2232,7.044053878779117e-05,7.052936484627601e-05,5.963185774798994e-05,1.0012610076528863,0.9924695652758527,0.9816932751842904,71.52871742223701,12290.912109375,False,1482872,not_recorded,/home/jjhong0608/Documents/GreenNetResearch/ComplexGeometry/checkpoints/numerical_examples/pentagram/nvidia_a40/seed2/pentagram_k0_seed2/artifacts_best_energy,100,250.0,6.9622222222222225,7.281944444444444,2026-09-02 10:25:37,2026-09-02 17:42:32,6.90954311120339e-05,0.0001972054340592,0.0,0.0,6.90954311120339e-05,0.0001972054340592,0.00014903551360620796,0.0008649385746197,6.90954311120339e-05,0.0001972054340592,7.994008249418345e-05,0.0006677331405605,1.0760382294233007e-05,4.013090117072004e-05,6.917970019995034e-05,0.0006381436375248,0.04263208630619436,0.1067395170744547,0.04552605291733927,0.1306851633260978,0.5071495643494237,0.5396194574091885,0.25088730897617173,0.255471670556642,0.7445436593718595,0.7493552963180647,1.0,1.0,0.4858356550064877,0.8200307524314319,0.07705669461930557,0.038506717792094455,0.7090700522884678,0.4712208624216233,0.08708538167126502,0.040688633891157705,0.04263436717507135,0.06356726370281707,0.78,,,,,,,,,,,,,,,,,,,,,,,,,,,,,,,,,,,,,,,,,,,,,,,,,,,,,,,,,,,,,,,,,,,,,,,,,,,,,,,,,,,,,,,,,,,,,,,,,,,,,,,,,,,,,,,0.08378365842452401,0.07505094465516006,0.4915143397444814,0.4801569702684914
mac_studio,3,0,checkpoints/numerical_examples/pentagram/mac_studio/seed3/pentagram_k0_seed3,98,2352,6.787075122293154e-05,6.7879038858275e-05,5.9717686971706914e-05,1.0001221090851968,0.9921443005341839,0.9798800998270555,171.64285434584608,0.0,False,1482872,"runtime_cpu - p_core_count=16 env=ACCELERATE_NUM_THREADS=16,OMP_NUM_THREADS=16,MKL_NUM_THREADS=16 torch_num_threads=12->16 torch_interop_threads=24->1 interop_status=applied flush_denormal_supported=True",/Users/jjhong0608/Documents/ComplexGeometryGreenNet/checkpoints/numerical_examples/pentagram/mac_studio/seed3/pentagram_k0_seed3/artifacts_best_energy,100,227.0,6.345,6.556666666666667,2026-09-02 10:31:53,2026-09-02 17:05:17,6.739088140236473e-05,0.000202234247083,0.0,0.0,6.739088140236473e-05,0.000202234247083,0.00014206968003268144,0.0006145765673799,6.739088140236473e-05,0.000202234247083,7.46787986303209e-05,0.0004123423202969,9.718715415128647e-06,3.58875660938819e-05,6.496008321519125e-05,0.000388597710662,0.040611857277236096,0.1158274458481775,0.04358165257735346,0.1348871594919466,0.5072079030127269,0.5478724955206361,0.2508102296776346,0.2549628461687706,0.7447434938778115,0.7493805808312373,1.0,1.0,0.4362952793111175,0.687260475832705,0.07160350613733797,0.03649235517564805,0.6093755777626008,0.42831955253582443,0.07348753560376488,0.03845811594049685,0.04062041591434723,0.06814324662990345,0.86,,,,,,,,,,,,,,,,,,,,,,,,,,,,,,,,,,,,,,,,,,,,,,,,,,,,,,,,,,,,,,,,,,,,,,,,,,,,,,,,,,,,,,,,,,,,,,,,,,,,,,,,,,,,,,,0.08227577331861079,0.07362517263005758,0.4414770017913184,0.43111355683091707
nvidia_a40,0,1,checkpoints/numerical_examples/pentagram/nvidia_a40/seed0/pentagram_k1_seed0,69,1656,4.266380660110159e-05,4.3642745269565645e-05,2.8586827817399367e-05,1.0229454131371103,1.0053936351976147,0.9726348160827968,73.26274760688345,11405.97705078125,True,1482872,not_recorded,/home/jjhong0608/Documents/GreenNetResearch/ComplexGeometry/checkpoints/numerical_examples/pentagram/nvidia_a40_rerun_20260903_083548/seed0/pentagram_k1_seed0/artifacts_best_energy,100,189.0,5.343333333333334,5.711111111111111,2026-09-03 08:35:52,2026-09-03 14:18:32,4.067893418180808e-05,0.0001177691276166,0.0,0.0,4.067893418180808e-05,0.0001177691276166,7.5964455331239e-05,0.0002630359586734,4.067893418180808e-05,0.0001177691276166,3.528552114943533e-05,0.000177292303997,7.04495454399829e-06,2.2459831942159456e-05,2.824056660544152e-05,0.0001653715312371,0.030241866720686815,0.1206259846802331,0.032196545248212305,0.1235622992797918,0.5067356096022848,0.539355467639224,0.25090628330232656,0.2535815592798542,0.7441841137623983,0.7492386580973127,1.0,1.0,0.4226316449476155,0.6838020699188623,0.058069887623445775,0.026118785711353898,0.5940732797957515,0.4071902835105798,0.06086973042910042,0.028791879870115347,0.03165577781522929,0.060710815786486405,0.94,0.001876310594949448,0.0047530965451198,0.00030644742068811607,0.0006737395616874,0.23107168360189334,0.7122021312148559,8.302489270780218e-09,2.253403144585908e-08,0.05257732457345547,0.1312872499427039,0.33544426246772246,0.957289536421717,0.06376732406153497,0.1434061754605067,0.0,0.0,0.010240101207485443,0.0157950867507419,0.010240101207485443,0.0157950867507419,0.0,0.0,0.00013378172227912775,0.0006706842526815,0.0140757390150715,0.0715796882053067,,,,,,,,,,,,,,,,,,,,,,,,,,,,,,,,,,,,,,,,,,,,,,,,,,,,,,,,,,,,,,,,,,,,,,,,,,,,,,,,,,,,,0.05109850535476805,0.05161442286498248,0.4276935319266335,0.41756975796859974
mac_studio,1,1,checkpoints/numerical_examples/pentagram/mac_studio/seed1/pentagram_k1_seed1,59,1416,4.244667057970582e-05,4.344237848888667e-05,2.878678456414592e-05,1.0234578565428618,1.0042143477175582,0.973740859217603,160.13084351618696,0.0,False,1482872,"runtime_cpu - p_core_count=16 env=ACCELERATE_NUM_THREADS=16,OMP_NUM_THREADS=16,MKL_NUM_THREADS=16 torch_num_threads=12->16 torch_interop_threads=24->1 interop_status=applied flush_denormal_supported=True",/Users/jjhong0608/Documents/ComplexGeometryGreenNet/checkpoints/numerical_examples/pentagram/mac_studio/seed1/pentagram_k1_seed1/artifacts_best_energy,100,155.0,4.3197222222222225,4.545,2026-09-02 17:05:21,2026-09-02 21:38:03,4.0181836823863676e-05,0.0001201774369717,0.0,0.0,4.0181836823863676e-05,0.0001201774369717,7.310613466837527e-05,0.0002465674308561,4.0181836823863676e-05,0.0001201774369717,3.2924297844519974e-05,0.0001715163976067,7.134032971128539e-06,2.6643821026014325e-05,2.5790264873392637e-05,0.0001604148286211,0.029974432571680563,0.1108948212856978,0.03190699930264189,0.1128337317162973,0.509683424291541,0.534332715531605,0.25092508232076866,0.2550639124191565,0.7445559802686665,0.7493713349448833,1.0,1.0,0.4317192649213854,0.7400764998980027,0.06526525413935638,0.0245486991179641,0.6082405836919048,0.4175637082957696,0.06558196893171712,0.0272252039172223,0.03114155008433772,0.06056873956183373,0.95,0.0018152535157219055,0.0047670608611433,0.000309113462659691,0.0006103363095345,0.2385088936995418,0.8266704307773433,8.036015082183674e-09,2.277220144248805e-08,0.050673556036413075,0.1292812748221873,0.32478371544942214,1.0129642902887217,0.06105715407960278,0.1334986151335524,0.0,0.0,0.010248003934455541,0.025413604645812,0.010248003934455541,0.025413604645812,0.0,0.0,0.0001253031619057866,0.0006687820339242,0.013183562065982073,0.0710216845852737,,,,,,,,,,,,,,,,,,,,,,,,,,,,,,,,,,,,,,,,,,,,,,,,,,,,,,,,,,,,,,,,,,,,,,,,,,,,,,,,,,,,,0.05111615188144856,0.051344674084382896,0.4377457665269619,0.42569276331580924
nvidia_a40,2,1,checkpoints/numerical_examples/pentagram/nvidia_a40/seed2/pentagram_k1_seed2,64,1536,4.022344993771935e-05,4.137964040869233e-05,2.9032839438333507e-05,1.0287441895899827,1.0015438159908114,0.9727343197340301,81.95276619245607,11405.97705078125,True,1482872,not_recorded,/home/jjhong0608/Documents/GreenNetResearch/ComplexGeometry/checkpoints/numerical_examples/pentagram/nvidia_a40_rerun_20260903_083548/seed2/pentagram_k1_seed2/artifacts_best_energy,100,190.0,5.3725,5.739444444444445,2026-09-03 08:35:52,2026-09-03 14:20:14,4.066274977166916e-05,0.0001295115551949,0.0,0.0,4.066274977166916e-05,0.0001295115551949,7.389423706883233e-05,0.0002560926676234,4.066274977166916e-05,0.0001295115551949,3.3231487297172415e-05,0.0001445968184229,6.7915758581996836e-06,2.407281560676183e-05,2.6439911438971387e-05,0.0001257268621787,0.03127687742226961,0.1186741713883071,0.03310615782818994,0.1165156486268431,0.5086469850321167,0.5343891505513254,0.25090402952022717,0.2538143475413881,0.7442395962063215,0.7489599994647297,1.0,1.0,0.38650336037777805,0.6082275228825608,0.06225779728779336,0.02488377831722985,0.5434513480744118,0.3834497978842527,0.06757383244727862,0.0265449348820894,0.032219509944845,0.05525498958271424,0.86,0.0019662685476766976,0.0053878576962268,0.000317458501667659,0.0006303312517616,0.223490233425989,0.6764190790717718,8.814836560680971e-09,2.5807459209810456e-08,0.05453826018153658,0.1456658697569243,0.36254641062293785,1.179962903577774,0.06779767068703443,0.1460861177396393,0.0,0.0,0.010054808836313246,0.0174912772323172,0.010054808836313246,0.0174912772323172,0.0,0.0,0.00014750004580085362,0.0008536075713607,0.01555133866411556,0.0906042385339813,,,,,,,,,,,,,,,,,,,,,,,,,,,,,,,,,,,,,,,,,,,,,,,,,,,,,,,,,,,,,,,,,,,,,,,,,,,,,,,,,,,,,0.05274819757579954,0.05308453394783188,0.39101730360223746,0.38198941715331847
mac_studio,3,1,checkpoints/numerical_examples/pentagram/mac_studio/seed3/pentagram_k1_seed3,68,1632,3.9993856418016746e-05,4.162269134032138e-05,2.8456822611139816e-05,1.0407271283189101,1.006467012085041,0.9708304207401495,188.1325514803757,0.0,False,1482872,"runtime_cpu - p_core_count=16 env=ACCELERATE_NUM_THREADS=16,OMP_NUM_THREADS=16,MKL_NUM_THREADS=16 torch_num_threads=12->16 torch_interop_threads=24->1 interop_status=applied flush_denormal_supported=True",/Users/jjhong0608/Documents/ComplexGeometryGreenNet/checkpoints/numerical_examples/pentagram/mac_studio/seed3/pentagram_k1_seed3/artifacts_best_energy,100,155.0,4.3197222222222225,4.545277777777778,2026-09-02 17:05:21,2026-09-02 21:38:04,3.9360218924631816e-05,0.0001184248535205,0.0,0.0,3.9360218924631816e-05,0.0001184248535205,7.120184919186875e-05,0.0002249600022596,3.9360218924631816e-05,0.0001184248535205,3.1841630267245636e-05,0.00011312398202,7.126966949711752e-06,2.451787865049703e-05,2.47146633175359e-05,9.549399338223056e-05,0.029563728219098598,0.1150151219826612,0.03148620567813169,0.1150881397862181,0.5095093438810845,0.5441293365656992,0.2510427549027956,0.2564713418506755,0.7450321649671754,0.7490996073349601,1.0,1.0,0.42453695039845896,0.7184300408911379,0.061756119712043,0.0243996849872141,0.6023908344367896,0.40253155019367437,0.06548228683069679,0.025513224971498202,0.030347894236892298,0.0610577685569883,0.86,0.0018603837657624781,0.0051388211514931,0.000308857485830603,0.0006813306814831,0.2267809436320954,0.6972346510983642,8.26790462055879e-09,2.4193022046791368e-08,0.05198505386505035,0.1417072791527571,0.3451911499462685,1.0513468806863309,0.06248516932268949,0.1263212660393584,0.0,0.0,0.010265571193204603,0.0177345023462911,0.010265571193204603,0.0177345023462911,0.0,0.0,0.00013056623761989583,0.0007841589948388,0.013725754962562817,0.0836759659033473,,,,,,,,,,,,,,,,,,,,,,,,,,,,,,,,,,,,,,,,,,,,,,,,,,,,,,,,,,,,,,,,,,,,,,,,,,,,,,,,,,,,,0.050229562855175824,0.050725886896914825,0.43070916965552625,0.41836473114139194
nvidia_a40,0,2,checkpoints/numerical_examples/pentagram/nvidia_a40/seed0/pentagram_k2_seed0,54,1296,2.302355471921578e-05,2.6858748496841208e-05,1.2674246158539638e-05,1.166576961046963,1.0131547730679962,0.967098528993176,75.55467414669693,11629.95263671875,True,1482872,not_recorded,/home/jjhong0608/Documents/GreenNetResearch/ComplexGeometry/checkpoints/numerical_examples/pentagram/nvidia_a40_rerun_20260903_083548/seed0/pentagram_k2_seed0/artifacts_best_energy,100,201.0,5.5525,5.972222222222222,2026-09-03 14:18:38,2026-09-03 20:16:58,2.1342836965758645e-05,5.946175080899335e-05,0.0,0.0,2.1342836965758645e-05,5.946175080899335e-05,4.4450566246943556e-05,0.0002393017730378,2.1342836965758645e-05,5.946175080899335e-05,2.3107729281185538e-05,0.0001798400222288,3.7932795968950642e-06,1.3808513863791811e-05,1.9314449684291118e-05,0.0001746736927532,0.01584657212173396,0.0518577594911796,0.018553187670510226,0.0653854674776042,0.5084058285899598,0.5325903992875346,0.25083768026206316,0.25380004656035,0.7453200505505809,0.7496757403909967,1.0,1.0,0.33587561352282386,0.527416347613556,0.03096342670612274,0.012725178990239849,0.4328828448155264,0.33587687726328186,0.034385563115590975,0.01548177283906845,0.016312420130258343,0.14588412497321723,1.0,0.0019207213887533277,0.0044413101645718,0.00018683912070126298,0.0003668199312895,0.12021839095297089,0.3795632050552475,7.926840710460317e-09,2.0457180362970023e-08,0.0685899875273758,0.162492961308507,0.3730978586917082,0.8226208137637345,0.08476226499237294,0.156511490110591,,,,,,,,,,,,,2.0,2.0,0.01185324787876359,0.0230356206047809,1.0,1.0,6.845485289574505e-08,4.032845410730816e-07,0.020301630982268316,0.0272980050289134,1.0,1.0,1.0487125356128862e-08,3.754846026759341e-08,0.203192803404178,0.6243497167676711,1.0,1.0,2.6564574279206316e-13,4.934610982665184e-13,,,,,,,,,,,,,,,,,,,,,,,,,,,,,,,,,,,,,,,,,,,,,,,,,,,,,,,,,,,,,,,,,0.03270157595853395,0.028348234076414448,0.33917390056034286,0.3325773264853046
mac_studio,1,2,checkpoints/numerical_examples/pentagram/mac_studio/seed1/pentagram_k2_seed1,49,1176,2.308056015332137e-05,2.8120814913028884e-05,1.270498956408508e-05,1.2183766219808232,1.015558709846642,0.9679092386982598,179.124877359136,0.0,True,1482872,"runtime_cpu - p_core_count=16 env=ACCELERATE_NUM_THREADS=16,OMP_NUM_THREADS=16,MKL_NUM_THREADS=16 torch_num_threads=12->16 torch_interop_threads=24->1 interop_status=applied flush_denormal_supported=True",/Users/jjhong0608/Documents/ComplexGeometryGreenNet/checkpoints/numerical_examples/pentagram/mac_studio_rerun_20260903_083728/seed1/pentagram_k2_seed1/artifacts_best_energy,100,186.0,5.1575,5.418333333333333,2026-09-03 08:37:35,2026-09-03 14:02:41,2.155428279915327e-05,7.396679461558456e-05,0.0,0.0,2.155428279915327e-05,7.396679461558456e-05,4.5730014185071884e-05,0.0002063738959201,2.155428279915327e-05,7.396679461558456e-05,2.4175731385920636e-05,0.0001324071013045,3.6271319020478483e-06,1.202836446638208e-05,2.0548599483873357e-05,0.0001255313697144,0.016108045395479206,0.0498667144507337,0.018724210482651688,0.0572358639128784,0.5087270568155883,0.5365726186321158,0.25074110528830146,0.255920554261144,0.745704670600514,0.7495722857897131,1.0,1.0,0.32728326890073517,0.4877243978243477,0.03334034199403605,0.012955764753789099,0.41628934205793017,0.3283759550321075,0.03645575671295983,0.015739246924575498,0.016577348519275135,0.13972098260679156,1.0,0.0019872005383886,0.005150878236736,0.000191270529322841,0.0003739689415152,0.1182520982899427,0.3340030903039775,8.22957457426286e-09,2.424033842409205e-08,0.07078422280347119,0.1522199114432273,0.39879680491161834,0.9840211406417884,0.0879419143566148,0.139520585707304,,,,,,,,,,,,,2.0,2.0,0.011666424886982689,0.0225560341734848,1.0,1.0,7.376277665407628e-08,4.193024886895808e-07,0.02043060540929238,0.0261127282268006,1.0,1.0,1.1139629536124984e-08,3.902629766021809e-08,0.19237008349757112,0.5094536276906246,1.0,1.0,2.7307264272681103e-13,4.901569319113694e-13,,,,,,,,,,,,,,,,,,,,,,,,,,,,,,,,,,,,,,,,,,,,,,,,,,,,,,,,,,,,,,,,,0.033047491206561024,0.029032306654745113,0.3280639961199902,0.3265025416814799
nvidia_a40,2,2,checkpoints/numerical_examples/pentagram/nvidia_a40/seed2/pentagram_k2_seed2,47,1128,2.2916633836575835e-05,2.681867076972916e-05,1.309084638100148e-05,1.1702709464653365,1.0155823340867551,0.9664273703386504,80.15331327604753,11629.95263671875,True,1482872,not_recorded,/home/jjhong0608/Documents/GreenNetResearch/ComplexGeometry/checkpoints/numerical_examples/pentagram/nvidia_a40_rerun_20260903_083548/seed2/pentagram_k2_seed2/artifacts_best_energy,100,201.0,5.5505555555555555,5.9688888888888885,2026-09-03 14:20:20,2026-09-03 20:18:28,2.244169561991727e-05,7.674505571128251e-05,0.0,0.0,2.244169561991727e-05,7.674505571128251e-05,4.7906870213838785e-05,0.0002042406518501,2.244169561991727e-05,7.674505571128251e-05,2.5465174593924195e-05,0.0001529254008626,4.168451071037297e-06,1.7467345742317917e-05,2.1296723522887894e-05,0.0001476446380311,0.01563545322745181,0.0474493727608366,0.018217163077643768,0.0550523660547691,0.5083701884343023,0.5269552472593968,0.2508582545741186,0.2545936515346246,0.7448789137322704,0.7495892634163448,1.0,1.0,0.39076393181661134,0.6961113079414127,0.0297129922561515,0.013336050126170899,0.5443372089382061,0.3732541958042775,0.033838551286068844,0.01548005504831575,0.016624269751764995,0.14171854526351846,1.0,0.001757826225336945,0.0038416734315879,0.00018784442698793297,0.0003776272823425,0.12702176190175193,0.3322375219120254,7.1706697224896776e-09,1.76161812239302e-08,0.06378257490233202,0.1405128630920986,0.35017381939570663,0.7762348878368301,0.08013939766959467,0.1547715285620874,,,,,,,,,,,,,2.0,2.0,0.011616460239478956,0.0228262021943289,1.0,1.0,6.716887213709534e-08,3.5435126915473e-07,0.020148638307245458,0.0285943485501152,1.0,1.0,1.0706401914280336e-08,3.979357970563421e-08,0.19930648275597165,0.5165277436109611,1.0,1.0,2.8680300211032663e-13,4.839065996417396e-13,,,,,,,,,,,,,,,,,,,,,,,,,,,,,,,,,,,,,,,,,,,,,,,,,,,,,,,,,,,,,,,,,0.03224236480086211,0.028192452095999517,0.39653930306945456,0.3849885605637687
mac_studio,3,2,checkpoints/numerical_examples/pentagram/mac_studio/seed3/pentagram_k2_seed3,53,1272,2.173492443804739e-05,2.4979453279660116e-05,1.298741485098335e-05,1.14927720824891,1.0147443748691003,0.9669030660989409,178.19677459512607,0.0,True,1482872,"runtime_cpu - p_core_count=16 env=ACCELERATE_NUM_THREADS=16,OMP_NUM_THREADS=16,MKL_NUM_THREADS=16 torch_num_threads=12->16 torch_interop_threads=24->1 interop_status=applied flush_denormal_supported=True",/Users/jjhong0608/Documents/ComplexGeometryGreenNet/checkpoints/numerical_examples/pentagram/mac_studio_rerun_20260903_083728/seed3/pentagram_k2_seed3/artifacts_best_energy,100,186.0,5.1575,5.418333333333333,2026-09-03 08:37:35,2026-09-03 14:02:41,2.2086103956822776e-05,7.8240718165858e-05,0.0,0.0,2.2086103956822776e-05,7.8240718165858e-05,5.011723023222897e-05,0.0002414626394043,2.2086103956822776e-05,7.8240718165858e-05,2.803112627541024e-05,0.0001632219212384,4.251500592476483e-06,1.6737470073307342e-05,2.377962568293434e-05,0.0001554191115275,0.015706938210898774,0.0484380083963874,0.018570803533526335,0.055408095762282,0.506884378824279,0.5323102288124588,0.25084861940396086,0.2627720032861225,0.7445518238605865,0.7494022958974702,1.0,1.0,0.42587665039659883,0.6703167398583585,0.030345237203270516,0.0130450140913699,0.5465846080394288,0.41639950102235723,0.03459183011685469,0.015760467060183747,0.0162927493825295,0.15421332294304624,1.0,0.0019312658986160888,0.0045788388779013,0.0001931924767901521,0.0004209291713084,0.122537052787856,0.3414500019742124,8.053387441241428e-09,2.1666886035644624e-08,0.06776915403376056,0.149496913127992,0.3781912285809994,0.9458173983453604,0.0820710102755709,0.1535189961109321,,,,,,,,,,,,,2.0,2.0,0.011676458840801915,0.0232545502820732,1.0,1.0,6.584235101793671e-08,3.908149561473845e-07,0.020218053861363116,0.0260363414765082,1.0,1.0,1.139969046836667e-08,4.944294501376783e-08,0.2149260350320195,0.5287904963882996,1.0,1.0,2.656610253372434e-13,4.945195367469049e-13,,,,,,,,,,,,,,,,,,,,,,,,,,,,,,,,,,,,,,,,,,,,,,,,,,,,,,,,,,,,,,,,,0.033038367652764675,0.028558612238173516,0.4322393024724109,0.41951399832078484
nvidia_a40,0,3,checkpoints/numerical_examples/pentagram/nvidia_a40/seed0/pentagram_k3_seed0,56,1344,1.7030325082580868e-05,1.9596465744427657e-05,9.61646617045217e-06,1.1506806622541526,1.0177070720272492,0.965462172559381,79.7601694489519,11727.0966796875,True,1482872,not_recorded,/home/jjhong0608/Documents/GreenNetResearch/ComplexGeometry/checkpoints/numerical_examples/pentagram/nvidia_a40_rerun_20260903_083548/seed0/pentagram_k3_seed0/artifacts_best_energy,100,216.0,6.008333333333334,6.441111111111111,2026-09-03 20:17:04,2026-09-04 02:43:32,1.6499284510716943e-05,6.687316608173518e-05,0.0,0.0,1.6499284510716943e-05,6.687316608173518e-05,3.929558563757893e-05,0.0002630551583025,1.6499284510716943e-05,6.687316608173518e-05,2.2796301126865003e-05,0.0001961819922208,3.2917598460801596e-06,1.255963779431415e-05,1.9504541280784247e-05,0.0001893055533496,0.012993270315617804,0.0400207576306475,0.01571113777034642,0.0578061774481513,0.5081188945537971,0.5301714673607212,0.25077119311042895,0.2528293103273871,0.74463663368257,0.7494664163144166,1.0,1.0,0.3193881104030377,0.477783290986905,0.02411686971707916,0.01119760067953305,0.42451166633391196,0.3228335106308372,0.027949283052439544,0.0137552771884428,0.01337603854852717,0.17298985563339553,1.0,0.002391409155568332,0.0059859452206365,0.00015196414204232293,0.0003266839510333,0.07501453005844302,0.2166259963240089,9.872584878274816e-09,2.6768451759531132e-08,0.08455712512754193,0.1936244191259035,0.42875028388864,0.9128743104885284,0.10331958690116286,0.1753589402577924,,,,,,,,,,,,,3.0,3.0,0.011132675025678291,0.0235908599690547,1.0,1.0,1.0142451604525387e-07,5.515124749978771e-07,0.02056837002009306,0.0273280518287714,1.0,1.0,1.1766389715816229e-08,3.8151266786572094e-08,0.1449239808993333,0.4332045981502464,1.0,1.0,2.666847671904236e-13,4.774908643913906e-13,0.020201919356423872,0.037871382475289,1.0,1.0,7.0671573064363786e-09,2.9781178616967534e-08,0.5924258790635951,0.7823826135949331,,,,,,,,,,,,,,,,,,,,,,,,,,,,,,,,,,,,,,,,,,,,,,,,,,,,,,,,,0.02745125258138081,0.02207489698855527,0.3227380637476211,0.31603815705845384
mac_studio,1,3,checkpoints/numerical_examples/pentagram/mac_studio/seed1/pentagram_k3_seed1,44,1056,1.768785302209624e-05,2.271118000040332e-05,9.225805149495624e-06,1.2839986838443183,1.0217143785700897,0.9661009921838339,166.9197103171609,0.0,True,1482872,"runtime_cpu - p_core_count=16 env=ACCELERATE_NUM_THREADS=16,OMP_NUM_THREADS=16,MKL_NUM_THREADS=16 torch_num_threads=12->16 torch_interop_threads=24->1 interop_status=applied flush_denormal_supported=True",/Users/jjhong0608/Documents/ComplexGeometryGreenNet/checkpoints/numerical_examples/pentagram/mac_studio_rerun_20260903_083728/seed1/pentagram_k3_seed1/artifacts_best_energy,100,210.0,5.799166666666666,6.079444444444444,2026-09-03 14:02:44,2026-09-03 20:07:30,1.6274065193789007e-05,5.29427411700697e-05,0.0,0.0,1.6274065193789007e-05,5.29427411700697e-05,3.71298931235377e-05,0.0001735239596602,1.6274065193789007e-05,5.29427411700697e-05,2.085582792975147e-05,0.0001205812184901,3.4647324660659427e-06,1.4400383299586072e-05,1.73910954636855e-05,0.0001148596574978,0.01289050440611056,0.0376126166460458,0.015504531464578896,0.0518173093955587,0.5079346624729021,0.5291361944351861,0.2507393967281657,0.2538354464219966,0.7449308917004923,0.7494044624737599,1.0,1.0,0.3233223480334268,0.4755594929926023,0.02522103203062009,0.0106287676679949,0.433580432845215,0.32447075245920787,0.029119454485390182,0.01324369356644685,0.013915577386482128,0.16859761705410126,1.0,0.0026024230805517124,0.0061908998745116,0.00014818914585257238,0.0003021058959268,0.07153507441073978,0.2120363306696419,1.0807608074324439e-08,2.8001883954378783e-08,0.0903079279264466,0.2018055226086409,0.45414912951664754,0.9795197092418936,0.11132449350775903,0.1893215992248503,,,,,,,,,,,,,3.0,3.0,0.011196539879426122,0.0227109255497192,1.0,1.0,1.0404046449587477e-07,5.671496517771964e-07,0.020731780955145687,0.0270592028288501,1.0,1.0,1.114447931171378e-08,3.837095195935518e-08,0.132961278158285,0.3372121274557858,1.0,1.0,2.602617477251654e-13,4.799126606646514e-13,0.019920552563300803,0.0327696408144956,1.0,1.0,6.671240341355773e-09,2.5468577246174766e-08,0.5951775893099084,0.7728491901605807,,,,,,,,,,,,,,,,,,,,,,,,,,,,,,,,,,,,,,,,,,,,,,,,,,,,,,,,,0.027256814847679816,0.02189657197870716,0.3229164888953552,0.3237282071714984
nvidia_a40,2,3,checkpoints/numerical_examples/pentagram/nvidia_a40/seed2/pentagram_k3_seed2,52,1248,1.7321123871235256e-05,2.167869266394972e-05,9.213158544509848e-06,1.2515754072950755,1.0256982749094263,0.9661705742098251,80.41735113287965,11727.0966796875,True,1482872,not_recorded,/home/jjhong0608/Documents/GreenNetResearch/ComplexGeometry/checkpoints/numerical_examples/pentagram/nvidia_a40_rerun_20260903_083548/seed2/pentagram_k3_seed2/artifacts_best_energy,100,208.0,5.786388888888889,6.220277777777778,2026-09-03 20:18:34,2026-09-04 02:31:47,1.6875476691760328e-05,7.860809927482689e-05,0.0,0.0,1.6875476691760328e-05,7.860809927482689e-05,3.973985205784417e-05,0.000274465959603,1.6875476691760328e-05,7.860809927482689e-05,2.2864375366086307e-05,0.0001958578603282,3.46748060583036e-06,1.3383579747156956e-05,1.9396894760256117e-05,0.0001875605373304,0.012817393428702155,0.0347379887438588,0.015388160296992668,0.0455740389355932,0.5090093278499769,0.5306968598590643,0.25087132306568405,0.2551031125691388,0.7446764746651546,0.749405355434641,1.0,1.0,0.3365002673667249,0.483370222339916,0.022339497829188138,0.0109232052691555,0.43517899169991237,0.33936463338561174,0.02615402315478168,0.01356933696355795,0.01366806766459111,0.16706135227827867,1.0,0.0024707859766402453,0.0063355752731003,0.00014944171416492904,0.0003778736351629,0.07435058418621909,0.2212712894138151,1.0231159766741104e-08,2.9577054369181545e-08,0.08672024394581912,0.1815315662623001,0.44481483007974626,1.0041507604565634,0.10537966678552202,0.1861059773881753,,,,,,,,,,,,,3.0,3.0,0.010986165551874089,0.017777103051102,1.0,1.0,1.0493991954193554e-07,5.302821291400346e-07,0.020526676891889983,0.0267959544831785,1.0,1.0,1.1483734694150435e-08,5.6063258558123786e-08,0.13939916419101872,0.3580147549714439,1.0,1.0,2.744557688078239e-13,4.739587116206605e-13,0.02052203876561642,0.0289081809096568,1.0,1.0,6.907745083111663e-09,3.9845516939663706e-08,0.5905339699304009,0.8168780144671081,,,,,,,,,,,,,,,,,,,,,,,,,,,,,,,,,,,,,,,,,,,,,,,,,,,,,,,,,0.026733137578433274,0.021836592525593196,0.34057786312526134,0.332422671608188
mac_studio,3,3,checkpoints/numerical_examples/pentagram/mac_studio/seed3/pentagram_k3_seed3,56,1344,1.5871090370407966e-05,1.849874791791632e-05,9.504923369791678e-06,1.1655625093287658,1.0183199001453807,0.9630738184296681,185.51788019899206,0.0,True,1482872,"runtime_cpu - p_core_count=16 env=ACCELERATE_NUM_THREADS=16,OMP_NUM_THREADS=16,MKL_NUM_THREADS=16 torch_num_threads=12->16 torch_interop_threads=24->1 interop_status=applied flush_denormal_supported=True",/Users/jjhong0608/Documents/ComplexGeometryGreenNet/checkpoints/numerical_examples/pentagram/mac_studio_rerun_20260903_083728/seed3/pentagram_k3_seed3/artifacts_best_energy,100,210.0,5.799166666666666,6.08,2026-09-03 14:02:44,2026-09-03 20:07:32,1.585202086950404e-05,5.711641380832957e-05,0.0,0.0,1.585202086950404e-05,5.711641380832957e-05,3.508752761073626e-05,0.0001852001200674,1.585202086950404e-05,5.711641380832957e-05,1.9235506741233493e-05,0.0001280837062591,3.2086802429958994e-06,1.0635961674956108e-05,1.6026826498237134e-05,0.0001203565811558,0.012720923665950987,0.0347250996143063,0.015359212369923072,0.0444339613487426,0.5085696517721061,0.5339202890201417,0.25091466009277075,0.2534974034536837,0.745093834185833,0.7496830772675587,1.0,1.0,0.3298921243736407,0.5404919688585579,0.022437522573530735,0.0107885642750008,0.46683517211440045,0.32824496770231726,0.02819168852805216,0.0131538256152672,0.013621154736842707,0.17177239564305202,1.0,0.0022741385411939865,0.0061880040422242,0.00014556488333444524,0.0003262393337982,0.07771658653434298,0.2276761411204641,9.169774076025796e-09,2.764247565719836e-08,0.08260775314675409,0.2076248542382081,0.43070562761747366,0.9929420338804787,0.10220476321723293,0.1923078426188618,,,,,,,,,,,,,3.0,3.0,0.011557347826634722,0.0219057106999945,1.0,1.0,1.0218504479925716e-07,5.46253762177713e-07,0.019760823793525544,0.0273096349741202,1.0,1.0,1.1413471118779528e-08,4.262803002091232e-08,0.14377169586715913,0.3656266012990042,1.0,1.0,2.770364943181154e-13,4.775645857175929e-13,0.019786073132222023,0.031535638692868,1.0,1.0,6.446089498780437e-09,2.9700169344299016e-08,0.5666712570836285,0.7685215161248476,,,,,,,,,,,,,,,,,,,,,,,,,,,,,,,,,,,,,,,,,,,,,,,,,,,,,,,,,0.026727458090396238,0.02175992532609835,0.3332011289275232,0.32658311981975935
nvidia_a40,0,4,checkpoints/numerical_examples/pentagram/nvidia_a40/seed0/pentagram_k4_seed0,57,1368,1.4900965385027618e-05,1.651640049240157e-05,8.50643262130754e-06,1.108411439502915,1.011200234235283,0.9606644257836028,79.72282188944517,11839.1767578125,True,1482872,not_recorded,/home/jjhong0608/Documents/GreenNetResearch/ComplexGeometry/checkpoints/numerical_examples/pentagram/nvidia_a40_rerun_20260903_083548/seed0/pentagram_k4_seed0/artifacts_best_energy,100,228.0,6.185,6.636388888888889,2026-09-04 02:43:38,2026-09-04 09:21:49,1.3606214483138603e-05,4.157332903245314e-05,0.0,0.0,1.3606214483138603e-05,4.157332903245314e-05,3.203340524488916e-05,0.0001554559731434,1.3606214483138603e-05,4.157332903245314e-05,1.8427190761752238e-05,0.0001161825863699,3.1939025407832085e-06,1.16457406508405e-05,1.523328822096846e-05,0.0001100885197385,0.012154871216363812,0.0354632090681862,0.014559125803245638,0.0508660235470805,0.5058346414147511,0.529887606663848,0.2508165555484665,0.2527469217506117,0.7439070670988602,0.7492772816639959,1.0,1.0,0.30836811229693134,0.4610014427209233,0.022494157517987924,0.01033108754984075,0.4166625730781222,0.3018737004280604,0.030723749593507713,0.012453812668756399,0.012732277514910089,0.16513729047837822,1.0,0.0017745186511798495,0.0041077318543233,0.0001262026619103158,0.0002829986108869,0.07747678346074499,0.2140363835197979,6.496879195767207e-09,1.868533780522427e-08,0.07674931092607286,0.1686536169133757,0.4095033894632567,0.8458523919699544,0.09864165877148849,0.1910874301050041,,,,,,,,,,,,,4.0,4.0,0.012868545611345022,0.0245405786692111,1.0,1.0,1.1695020461225864e-07,6.25369103642234e-07,0.018397702154777856,0.0252074978762984,1.0,1.0,1.4915170778183796e-08,6.939007919350127e-08,0.15360174204168936,0.5142746632461455,1.0,1.0,3.5215587529354035e-13,5.08207164222227e-13,0.019267387168028074,0.0293115998171397,1.0,1.0,6.679846640640319e-09,2.804291277209017e-08,0.46402808802418427,0.6853917539829677,0.02597827480518687,0.0376451188514164,1.0,1.0,4.8734433427765766e-09,2.23488350420424e-08,0.7150436116104016,0.840337648112349,,,,,,,,,,,,,,,,,,,,,,,,,,,,,,,,,,,,,,,,,,,,,,,,,0.024804229052034374,0.018868345856810683,0.30986118138160235,0.3068750432122608
mac_studio,1,4,checkpoints/numerical_examples/pentagram/mac_studio/seed1/pentagram_k4_seed1,64,1536,1.4877781174013535e-05,1.6522650959619337e-05,8.99915570766289e-06,1.1105588102397173,1.013091786463107,0.9652607723619742,180.75761981483083,0.0,True,1482872,"runtime_cpu - p_core_count=16 env=ACCELERATE_NUM_THREADS=16,OMP_NUM_THREADS=16,MKL_NUM_THREADS=16 torch_num_threads=12->16 torch_interop_threads=24->1 interop_status=applied flush_denormal_supported=True",/Users/jjhong0608/Documents/ComplexGeometryGreenNet/checkpoints/numerical_examples/pentagram/mac_studio_rerun_20260903_083728/seed1/pentagram_k4_seed1/artifacts_best_energy,100,237.0,6.57,6.856388888888889,2026-09-03 20:07:34,2026-09-04 02:58:57,1.3796351887402961e-05,5.004338627377364e-05,0.0,0.0,1.3796351887402961e-05,5.004338627377364e-05,3.3830717000555526e-05,0.0001647837184144,1.3796351887402961e-05,5.004338627377364e-05,2.0034365113153935e-05,0.0001178720835134,3.0665419756007442e-06,1.0629876339778624e-05,1.696782313755325e-05,0.0001101952952906,0.012144410179860163,0.0336896293012667,0.014695935758595784,0.0497908445728956,0.5053390524014524,0.5294842129975846,0.25086537165019496,0.2551091042629169,0.7443368115629997,0.7494410799478536,1.0,1.0,0.3463950437833813,0.5801113644072271,0.02068125485804488,0.01032605637689565,0.4947786272409285,0.3403439201707005,0.025330920889193285,0.0126967699494233,0.012563758052673483,0.17362117123050236,1.0,0.0017736265286527947,0.0039608815495168,0.00013332211438863434,0.000302804133874,0.08044023637029282,0.1440775007195609,6.2964369880200475e-09,1.649684435598812e-08,0.07901634110860009,0.1741294315373407,0.4300249015690381,0.8970564147270091,0.09864145001110006,0.1878805332753528,,,,,,,,,,,,,4.0,4.0,0.013123821330137262,0.0225365363036312,1.0,1.0,1.3088159707959297e-07,6.592161833672039e-07,0.01827968579166429,0.0266150252233539,1.0,1.0,1.5946715811623832e-08,8.284210478191664e-08,0.14862187039405655,0.3890531878201221,1.0,1.0,3.674408340619388e-13,5.426206986456661e-13,0.019405969962504536,0.0302648338884235,1.0,1.0,7.367813760813567e-09,3.221031336501362e-08,0.47645221144913125,0.748153946108703,0.026317726905840284,0.0374305025174181,1.0,1.0,5.505759211380493e-09,2.5586441067001573e-08,0.7264438297384069,0.8504402223555002,,,,,,,,,,,,,,,,,,,,,,,,,,,,,,,,,,,,,,,,,,,,,,,,,0.025453387150453553,0.019269755240568415,0.34926113609825377,0.34352895146850926
nvidia_a40,2,4,checkpoints/numerical_examples/pentagram/nvidia_a40/seed2/pentagram_k4_seed2,57,1368,1.4769834968802157e-05,1.6593475267010516e-05,8.78452919758265e-06,1.123470594089939,1.016751313631866,0.9611443321811112,89.00050501960018,11839.1767578125,True,1482872,not_recorded,/home/jjhong0608/Documents/GreenNetResearch/ComplexGeometry/checkpoints/numerical_examples/pentagram/nvidia_a40_rerun_20260903_083548/seed2/pentagram_k4_seed2/artifacts_best_energy,100,225.0,6.15,6.602222222222222,2026-09-04 02:31:53,2026-09-04 09:08:01,1.4301268509757767e-05,4.467033942263814e-05,0.0,0.0,1.4301268509757767e-05,4.467033942263814e-05,3.617042122291832e-05,0.0001547520891944,1.4301268509757767e-05,4.467033942263814e-05,2.1869152713159535e-05,0.0001144457175389,3.1472877071318978e-06,1.149681204102345e-05,1.8721865006029525e-05,0.0001078714675979,0.0117826938596081,0.0319122469470179,0.01429185031844659,0.0441434664009924,0.5040742408372664,0.5284183201246568,0.2507176128915349,0.2528564215292819,0.7437857581116768,0.7495221988217351,1.0,1.0,0.3044429937715178,0.4207330404387849,0.018925842498700118,0.010479448846372301,0.39048144464174833,0.30631412646257516,0.024127152529884864,0.01259114148867315,0.012052369871352251,0.17556554280448233,1.0,0.001983775106714376,0.0051138548766429,0.00013395169931007916,0.0002941585159233,0.07599495070641483,0.1848517711226766,7.467397377782661e-09,2.263848745554869e-08,0.08230242078080284,0.1648903276404102,0.4410323082387792,1.079715798660667,0.10405545563712755,0.2086404280028501,,,,,,,,,,,,,4.0,4.0,0.01233428695755174,0.0226382567662473,1.0,1.0,1.2802461035947882e-07,6.605125785140947e-07,0.01903843410451975,0.0247663880945439,1.0,1.0,1.6504606159724773e-08,8.3536223271381e-08,0.15474266178821058,0.3749911565194598,1.0,1.0,3.317703648798373e-13,4.984923314498137e-13,0.01949360370560122,0.0313154366741712,1.0,1.0,7.519785256568065e-09,3.0495655752217737e-08,0.46987355795697383,0.7353176684040617,0.026726851753484496,0.0358522455342899,1.0,1.0,5.570753540879929e-09,2.4146218929761987e-08,0.7214216839759964,0.8522946042914634,,,,,,,,,,,,,,,,,,,,,,,,,,,,,,,,,,,,,,,,,,,,,,,,,0.024910432966765973,0.019121555958030625,0.3070447666027164,0.3018412209403192
mac_studio,3,4,checkpoints/numerical_examples/pentagram/mac_studio/seed3/pentagram_k4_seed3,58,1392,1.344025413850784e-05,1.4780612796886743e-05,9.062909550347766e-06,1.099727181090916,1.0120264865875082,0.9619323922347769,175.24825288264157,0.0,True,1482872,"runtime_cpu - p_core_count=16 env=ACCELERATE_NUM_THREADS=16,OMP_NUM_THREADS=16,MKL_NUM_THREADS=16 torch_num_threads=12->16 torch_interop_threads=24->1 interop_status=applied flush_denormal_supported=True",/Users/jjhong0608/Documents/ComplexGeometryGreenNet/checkpoints/numerical_examples/pentagram/mac_studio_rerun_20260903_083728/seed3/pentagram_k4_seed3/artifacts_best_energy,100,237.0,6.5697222222222225,6.856388888888889,2026-09-03 20:07:35,2026-09-04 02:58:58,1.3633310685553193e-05,5.228446306521619e-05,0.0,0.0,1.3633310685553193e-05,5.228446306521619e-05,3.3714825944533364e-05,0.0001905889902575,1.3633310685553193e-05,5.228446306521619e-05,2.008151525898032e-05,0.0001383045271923,3.1713240519694247e-06,1.1533903995087167e-05,1.691019120701045e-05,0.000129887403951,0.011735444037838647,0.0300541845325765,0.014202207372506288,0.04076279198884,0.5045025621797081,0.5284213985919567,0.2507814396350544,0.2536830226833249,0.7441696418063701,0.7494069370410443,1.0,1.0,0.32479818571735386,0.5030834605571888,0.019630412611550796,0.0106022729405478,0.4390352361725497,0.32441833765523803,0.02549035096575635,0.0127164268883361,0.01246011012768423,0.1736887280946896,1.0,0.001716149198818883,0.0041741725968672,0.00013247572418104112,0.0003371236326149,0.08380613121810818,0.1614338235544703,6.0982933291577645e-09,1.8670870784304235e-08,0.07670361467468804,0.1810281389849078,0.410466226084713,0.9166102895200996,0.09751320021089642,0.1903851757722303,,,,,,,,,,,,,4.0,4.0,0.013182502611375707,0.0224363340651985,1.0,1.0,1.2255400919723899e-07,6.903668839678957e-07,0.017946792554166167,0.0291710781953853,1.0,1.0,1.6125681911336363e-08,8.158577303081717e-08,0.1600860025541219,0.3665746788479468,1.0,1.0,3.691750082542994e-13,5.565840909731546e-13,0.01895755566087389,0.0330510401474295,1.0,1.0,7.386951045433459e-09,3.853974963880224e-08,0.4668861366426023,0.6567941683280443,0.026221279010363415,0.0336644826493413,1.0,1.0,5.4981598302947086e-09,3.1714997268543344e-08,0.7226070600065917,0.8522644646096926,,,,,,,,,,,,,,,,,,,,,,,,,,,,,,,,,,,,,,,,,,,,,,,,,0.0246722996538528,0.01890137754860889,0.32573649617272565,0.3238598752619826
nvidia_a40,0,5,checkpoints/numerical_examples/pentagram/nvidia_a40/seed0/pentagram_k5_seed0,60,1440,1.2287160677678935e-05,1.319478217579685e-05,7.790888840190033e-06,1.0738674720651058,1.0080400455880059,0.9615587044799865,75.9066751568268,13384.24609375,True,1482872,not_recorded,/home/jjhong0608/Documents/GreenNetResearch/ComplexGeometry/checkpoints/numerical_examples/pentagram/nvidia_a40_rerun_20260903_083548/seed0/pentagram_k5_seed0/artifacts_best_energy,100,224.0,6.284166666666667,6.752222222222223,2026-09-04 09:21:55,2026-09-04 16:07:03,1.1605684039889925e-05,3.5156401538566096e-05,0.0,0.0,1.1605684039889925e-05,3.5156401538566096e-05,2.7431889496368755e-05,0.0001193580133043,1.1605684039889925e-05,3.5156401538566096e-05,1.5826205456481117e-05,8.48677948998581e-05,2.3948459614252966e-06,8.975431191954356e-06,1.3431359495055827e-05,8.013994407732626e-05,0.011032625478080333,0.0298555426570755,0.013154623919938878,0.0436856094007682,0.5037315805559667,0.5318752028427193,0.2508819909622709,0.2570697004008997,0.7442492156112206,0.7490871186783903,1.0,1.0,0.3277978377510616,0.5578910579052114,0.01849939508355147,0.0100199821048868,0.4763091398992399,0.3260839208425333,0.024032351282606987,0.01191978227113365,0.011324507370484927,0.1613119808497273,1.0,0.002386536864155768,0.0055434040738144,0.00011393748918435207,0.0002559471909139,0.05515936112606584,0.1347924617291419,9.609871744975357e-09,2.5370510922697036e-08,0.09497125886695423,0.2056350494064515,0.625710331532933,1.4654665874517854,0.11510817788158788,0.2150798047067785,,,,,,,,,,,,,5.0,5.0,0.011585029697038968,0.0230759326704894,1.0,1.0,1.4950163067714934e-07,8.09435442051103e-07,0.0228794989440505,0.0424764171516771,1.0,1.0,2.869439571745832e-08,1.054560611236027e-07,0.2218744122495502,0.4469356903270643,1.0,1.0,3.0559608930972254e-13,5.607178485986824e-13,0.029761495028606456,0.0478994027969333,1.0,1.0,1.2232348746405964e-08,4.705476844978125e-08,0.4489442692304488,0.6586963121785026,0.027384463988816932,0.0380883291752736,1.0,1.0,5.690942714306801e-09,2.4931989650804697e-08,0.48080824144160955,0.7573029640555976,0.025715783287411823,0.0397315475075956,1.0,1.0,4.0269643946452915e-09,1.8280455680059736e-08,0.6992468622025975,0.8198005737709533,,,,,,,,,,,,,,,,,,,,,,,,,,,,,,,,,,,,,,,,,0.02188141578131383,0.01696191207594099,0.33136826634922245,0.3242274091528998
mac_studio,1,5,checkpoints/numerical_examples/pentagram/mac_studio/seed1/pentagram_k5_seed1,63,1512,1.3034527560375498e-05,1.5147398001926418e-05,7.241824732847801e-06,1.1620979687805466,1.0244331171975318,0.960816801746939,184.73117636555497,0.0,True,1482872,"runtime_cpu - p_core_count=16 env=ACCELERATE_NUM_THREADS=16,OMP_NUM_THREADS=16,MKL_NUM_THREADS=16 torch_num_threads=12->16 torch_interop_threads=24->1 interop_status=applied flush_denormal_supported=True",/Users/jjhong0608/Documents/ComplexGeometryGreenNet/checkpoints/numerical_examples/pentagram/mac_studio_rerun_20260903_083728/seed1/pentagram_k5_seed1/artifacts_best_energy,100,270.0,7.423333333333333,7.722222222222222,2026-09-04 02:59:00,2026-09-04 10:42:20,1.1731070157890887e-05,3.862373122585867e-05,0.0,0.0,1.1731070157890887e-05,3.862373122585867e-05,2.7276852426832247e-05,0.0001252067954998,1.1731070157890887e-05,3.862373122585867e-05,1.5545782268942942e-05,8.804876290529407e-05,2.219855652224847e-06,8.198452719175936e-06,1.3325926616718092e-05,8.416583034415223e-05,0.011380987062859569,0.0355389307721586,0.013540729686572472,0.0457164490614479,0.5028915684251527,0.5226730917524117,0.2508798369665486,0.2544662790119958,0.7446208811066636,0.7493160736207147,1.0,1.0,0.3221062309819848,0.5184106933813764,0.02043942496836601,0.00994239720155495,0.46739481259923127,0.32426040461991,0.02582464439866588,0.0116436844020327,0.01200089947999985,0.15949972222358078,1.0,0.00256901380442655,0.0066653927983072,0.00011404608008974599,0.0002537653515986,0.05404285914041108,0.136007915170926,1.0272205846293463e-08,3.063904607323187e-08,0.09960784176401033,0.1921843811203014,0.6359139770827149,1.6128664225846143,0.11981057292782749,0.1992951669224887,,,,,,,,,,,,,5.0,5.0,0.01197621909051506,0.0230517186877325,1.0,1.0,1.443972276919994e-07,6.906807351269989e-07,0.022334376787285105,0.0400616708500368,1.0,1.0,2.6438365973876626e-08,1.013021494098992e-07,0.2087384938922965,0.4944275770056764,1.0,1.0,2.927909274181201e-13,7.024632782457163e-13,0.029439212940651664,0.0483149499819404,1.0,1.0,1.1490409152827308e-08,3.878880362102548e-08,0.46139592857236217,0.6788359079260983,0.02751559351345645,0.043716904733778,1.0,1.0,5.653159780613333e-09,2.4371421521328313e-08,0.5115047273102215,0.7444199077303308,0.026592957943458614,0.0374957950124974,1.0,1.0,4.048666748877938e-09,1.7970118102321348e-08,0.7082821991736491,0.8741338653856694,,,,,,,,,,,,,,,,,,,,,,,,,,,,,,,,,,,,,,,,,0.022517161890421394,0.017288754048461155,0.32371395702132744,0.3204985049426397
nvidia_a40,2,5,checkpoints/numerical_examples/pentagram/nvidia_a40/seed2/pentagram_k5_seed2,52,1248,1.2602000186634053e-05,1.3467480256287214e-05,7.900239434348595e-06,1.0686779921310514,1.0118816188062176,0.9616921712669397,86.32727284294864,13384.24609375,True,1482872,not_recorded,/home/jjhong0608/Documents/GreenNetResearch/ComplexGeometry/checkpoints/numerical_examples/pentagram/nvidia_a40_rerun_20260903_083548/seed2/pentagram_k5_seed2/artifacts_best_energy,100,227.5,6.299444444444444,6.770833333333333,2026-09-04 09:08:07,2026-09-04 15:54:22,1.2429021525278778e-05,4.002545025991224e-05,0.0,0.0,1.2429021525278778e-05,4.002545025991224e-05,2.7947799555958316e-05,0.0001337220942807,1.2429021525278778e-05,4.002545025991224e-05,1.551877803068011e-05,9.369664402082302e-05,2.547190290692076e-06,9.307807661636722e-06,1.2971587739988031e-05,8.895530442669679e-05,0.011108635728124205,0.0299460165492737,0.013172424434481007,0.039159765213286,0.5024434009775899,0.5249379550131028,0.2508617380876638,0.2556876474036932,0.7442896829441592,0.7492625115953202,1.0,1.0,0.2981328627108694,0.4222370442560746,0.019081824451643845,0.0100702538366586,0.3801522103646383,0.29927390277676075,0.023966942598901874,0.0115865353477449,0.011222817744115382,0.15667493228919138,1.0,0.002265754999315357,0.0048194718158198,0.00011445494334433375,0.0002619976752179,0.05811727975864019,0.1251620289869728,9.018480724607994e-09,2.080122113808901e-08,0.09007034317435222,0.2019390139080192,0.572938425222198,1.376341909581771,0.11301002717851791,0.1993438291595682,,,,,,,,,,,,,5.0,5.0,0.011532721224164807,0.0235489246367206,1.0,1.0,1.3963249925587603e-07,7.685265086919668e-07,0.022010923753423565,0.0376129017596706,1.0,1.0,2.5137907605062355e-08,9.163353650898262e-08,0.20913063424717365,0.4702695170000886,1.0,1.0,3.1361341320271383e-13,5.006160582815473e-13,0.027409463869497767,0.0470231861412903,1.0,1.0,1.1128107045389122e-08,3.580048264414774e-08,0.4651903289638903,0.6613127652889815,0.028512128374014952,0.0411854299309632,1.0,1.0,5.599166236313309e-09,2.5272912748157143e-08,0.5157426937379666,0.7759485236772744,0.026658275557845966,0.040718430175308,1.0,1.0,4.028946455582196e-09,1.915495596186427e-08,0.7107988829478238,0.8297662642186759,,,,,,,,,,,,,,,,,,,,,,,,,,,,,,,,,,,,,,,,,0.02214825228983425,0.01721700435983514,0.302478823175195,0.2937869022465438
mac_studio,3,5,checkpoints/numerical_examples/pentagram/mac_studio/seed3/pentagram_k5_seed3,52,1248,1.1957195417667492e-05,1.3837811454344495e-05,7.234914999780212e-06,1.1572790249708789,1.0161071797529981,0.9598966345215465,185.4330573162103,0.0,True,1482872,"runtime_cpu - p_core_count=16 env=ACCELERATE_NUM_THREADS=16,OMP_NUM_THREADS=16,MKL_NUM_THREADS=16 torch_num_threads=12->16 torch_interop_threads=24->1 interop_status=applied flush_denormal_supported=True",/Users/jjhong0608/Documents/ComplexGeometryGreenNet/checkpoints/numerical_examples/pentagram/mac_studio_rerun_20260903_083728/seed3/pentagram_k5_seed3/artifacts_best_energy,100,270.0,7.4275,7.725555555555555,2026-09-04 02:59:01,2026-09-04 10:42:33,1.1987360619992293e-05,3.9640084772134496e-05,0.0,0.0,1.1987360619992293e-05,3.9640084772134496e-05,2.763896147382235e-05,0.0001286048130877,1.1987360619992293e-05,3.9640084772134496e-05,1.565160085383142e-05,8.896472831560445e-05,2.4334001461234938e-06,8.408080522959877e-06,1.3218200707707925e-05,8.528640191067564e-05,0.010928952294392391,0.0279594443371378,0.013150908010579578,0.0360609798921855,0.5018953723062082,0.5235769252154415,0.2509493985083658,0.2557136184468088,0.7445811286360251,0.7491407871425304,1.0,1.0,0.330313433523785,0.5493563517713107,0.017948003539637044,0.00981430952362615,0.4691801038384573,0.3237883980416635,0.02294989401009196,0.0114628540941694,0.01153275423794381,0.16895834982646663,1.0,0.002118370227306461,0.0046794558924514,0.00011492324288884913,0.0002732258561266,0.06105268292852467,0.1328924673390231,8.21475341962369e-09,2.1185614069853224e-08,0.08637935191673637,0.1944387617480394,0.5049801574231663,1.1360933081164604,0.10758049905520023,0.2060950722106309,,,,,,,,,,,,,5.0,5.0,0.01185529472495276,0.0227037479438506,1.0,1.0,1.3641216248149537e-07,6.773089892397405e-07,0.021273000937256405,0.0397173223037323,1.0,1.0,2.2870721256444744e-08,7.848879174938048e-08,0.19736945905056325,0.4339482496882577,1.0,1.0,3.281688546267645e-13,6.646037611565139e-13,0.026132731586499407,0.0473195847411796,1.0,1.0,1.0942105415119595e-08,4.357195048637018e-08,0.48893573489428,0.7028485707619208,0.029658826241626583,0.0446016130436747,1.0,1.0,5.692601717852482e-09,2.7526771682763026e-08,0.531552283817561,0.7743878311712407,0.027370685625174793,0.0458510338411473,1.0,1.0,4.1184007821796514e-09,2.0831947545251222e-08,0.7165902700609709,0.8420899339745056,,,,,,,,,,,,,,,,,,,,,,,,,,,,,,,,,,,,,,,,,0.02216185274137156,0.01680147662025335,0.3307967108797287,0.3298301561678405
nvidia_a40,0,9,checkpoints/numerical_examples/pentagram/nvidia_a40/seed0/pentagram_k9_seed0,100,2400,4.927761308837908e-06,4.927761308837908e-06,4.052571631646409e-06,1.0,0.9875007662516959,0.9733088921367262,83.40982535853982,14078.46044921875,True,1482872,not_recorded,/home/jjhong0608/Documents/GreenNetResearch/ComplexGeometry/checkpoints/numerical_examples/pentagram/nvidia_a40_rerun_20260903_083548/seed0/pentagram_k9_seed0/artifacts_best_energy,100,260.0,7.242222222222222,7.782222222222222,2026-09-04 16:07:09,2026-09-04 23:54:05,4.446309868626908e-06,1.7057649732621393e-05,0.0,0.0,4.446309868626908e-06,1.7057649732621393e-05,8.692691364792233e-06,4.079668491638265e-05,4.446309868626908e-06,1.7057649732621393e-05,4.246381496165324e-06,2.3739035183761257e-05,9.702448213473488e-07,3.176646764251006e-06,3.276136674817975e-06,2.1445927998907403e-05,0.009068304207835713,0.0139047960544339,0.009806976190798703,0.0192250184125153,0.5006201688205004,0.5271785162132195,0.2513931793331004,0.2546794997871757,0.7436081267974554,0.7484221232259357,1.0,1.0,0.33979308504930167,0.5523955632130393,0.011487821846906474,0.00891664112925985,0.5067376153922345,0.3406523534084313,0.013153549746302553,0.009454413173039949,0.009068304207835713,0.07532107436500579,1.0,0.0033461736910691984,0.008859973880663,5.8670574580551255e-05,0.000124719110138,0.021817470140168847,0.0684453935200317,1.4096761474071081e-08,4.0942623712980766e-08,0.12601485231062262,0.2911912358341442,0.6964630398281771,1.4381228461090143,0.14170982474005375,0.2101914892040475,,,,,,,,,,,,,9.0,9.0,0.010908450844841608,0.0189325530185562,1.0,1.0,1.6480127790378275e-07,9.012376372399544e-07,0.020751021438348335,0.0299758071538609,1.0,1.0,2.8803739261450527e-08,1.0760694135755057e-07,0.2037945895088835,0.5791033945974604,1.0,1.0,2.5862966910606944e-13,5.150236079277717e-13,0.01913415342309231,0.0372807563093347,1.0,1.0,1.896380951373561e-08,7.70426230286109e-08,0.6368842726694202,0.8519631684711151,0.04149223697292845,0.0896912352027574,1.0,1.0,1.2232651473251402e-08,5.003597755677592e-08,0.6501627089387604,0.8021398448587805,0.041405652328715695,0.0751267363316876,1.0,1.0,7.3373671122063645e-09,2.9676518285009312e-08,0.6348142007718385,0.7692103801364752,0.036621771198556655,0.052217409810791,1.0,1.0,4.310316419209738e-09,1.657806727105046e-08,0.6229963398707666,0.822285879320965,0.04099894001017905,0.0705992406467213,1.0,1.0,2.2584928698734185e-09,6.974105308761686e-09,0.5640035249868376,0.8459258289184308,0.03151326615970731,0.0502970455799734,1.0,1.0,1.335161945172287e-09,5.102692916238054e-09,0.599321690787317,0.8137638112698199,0.02746424423034591,0.0373181191653387,1.0,1.0,1.042898442209978e-09,4.3406252206121235e-09,0.7723959823506515,0.8830610866462373,,,,,,,,,0.013214995717365332,0.01180140456647946,0.3456228935959886,0.3339632765026171
mac_studio,1,9,checkpoints/numerical_examples/pentagram/mac_studio/seed1/pentagram_k9_seed1,95,2280,4.873547857956421e-06,4.882550211082781e-06,4.039996599261122e-06,1.0018471867700371,0.9892966375093998,0.9802276994297635,190.6470984159387,0.0,True,1482872,"runtime_cpu - p_core_count=16 env=ACCELERATE_NUM_THREADS=16,OMP_NUM_THREADS=16,MKL_NUM_THREADS=16 torch_num_threads=12->16 torch_interop_threads=24->1 interop_status=applied flush_denormal_supported=True",/Users/jjhong0608/Documents/ComplexGeometryGreenNet/checkpoints/numerical_examples/pentagram/mac_studio_rerun_20260903_083728/seed1/pentagram_k9_seed1/artifacts_best_energy,100,341.0,9.559722222222222,9.891111111111112,2026-09-04 10:42:24,2026-09-04 20:35:52,4.450440310611754e-06,1.440763805206597e-05,0.0,0.0,4.450440310611754e-06,1.440763805206597e-05,8.70293086311816e-06,3.418840869723568e-05,4.450440310611754e-06,1.440763805206597e-05,4.252490552506405e-06,1.978077064516971e-05,1.0160953146196218e-06,3.2450883260415587e-06,3.236395237886784e-06,1.7023008006706114e-05,0.009188632329527758,0.014801017959377,0.00996295008306794,0.0199760425893737,0.500020554257504,0.5222375033804023,0.25151195847386515,0.2556027388278739,0.7429169213323225,0.7486424048353325,1.0,1.0,0.3591372807715681,0.6344293743013604,0.01144308292319452,0.00897582509790405,0.5499393949722103,0.3575696656246198,0.012870169318304212,0.0095450845032764,0.00919327369047842,0.07771972629433699,1.0,0.003463205880054939,0.0093717625125372,5.919696389570311e-05,0.0001162456026203,0.020687585462451027,0.0428776777365111,1.4793533702692207e-08,4.3027235303442086e-08,0.12859472109881764,0.3012048313982056,0.7951124096919041,1.6576439229912754,0.1449734265242608,0.2438714337834468,,,,,,,,,,,,,9.0,9.0,0.01055812199267419,0.0177055657432863,1.0,1.0,1.9322529672256254e-07,1.1268049512274142e-06,0.021219386262005414,0.0277911973857271,1.0,1.0,2.940809896987711e-08,1.1198622898885733e-07,0.1904482090919544,0.5784097844305793,1.0,1.0,2.5643601718943157e-13,4.973727921147564e-13,0.018568411449533175,0.0301038418507605,1.0,1.0,1.9418959379976552e-08,8.12310332124365e-08,0.632602688909016,0.8298233633795955,0.040701530393009284,0.0665826758465918,1.0,1.0,1.2879724199290559e-08,5.525632540424633e-08,0.6648409054740734,0.8281859459187162,0.04310894764745677,0.0767892953285566,1.0,1.0,7.641594168365743e-09,2.8374049886208197e-08,0.6303723757329459,0.7769937505973861,0.036567743107311375,0.0598397523545227,1.0,1.0,4.39035807964437e-09,1.4638083628009734e-08,0.6146878921874664,0.82193502099057,0.03971160652589289,0.062769224982303,1.0,1.0,2.299057998627209e-09,7.084503870017805e-09,0.5618060014073845,0.8315140060945346,0.03182640087512097,0.0510683621452835,1.0,1.0,1.356571447907526e-09,4.5330214314406555e-09,0.6009669117249627,0.7878853443976778,0.0272980896190891,0.040237425395925,1.0,1.0,1.058831456316905e-09,3.770850797594472e-09,0.7739484630771183,0.8784607338195486,,,,,,,,,0.013500602049478803,0.012013426441579343,0.36451320193705505,0.3537613596060804
nvidia_a40,2,9,checkpoints/numerical_examples/pentagram/nvidia_a40/seed2/pentagram_k9_seed2,68,1632,5.233872873550783e-06,5.4324188767846745e-06,3.6961701466201782e-06,1.0379348157723198,1.0033369738526006,0.9658961468354103,85.90159559622407,14078.46044921875,True,1482872,not_recorded,/home/jjhong0608/Documents/GreenNetResearch/ComplexGeometry/checkpoints/numerical_examples/pentagram/nvidia_a40_rerun_20260903_083548/seed2/pentagram_k9_seed2/artifacts_best_energy,100,269.0,7.460555555555556,8.000555555555556,2026-09-04 15:54:28,2026-09-04 23:54:30,4.927787639508565e-06,2.257955077236534e-05,0.0,0.0,4.927787639508565e-06,2.257955077236534e-05,9.574589132593838e-06,5.610803120016981e-05,4.927787639508565e-06,2.257955077236534e-05,4.646801493085274e-06,3.3528480427804474e-05,9.520587766265444e-07,4.019050168598679e-06,3.69474271645873e-06,3.067435781791827e-05,0.009274102825233096,0.0139028331178417,0.010074189135045115,0.018427394623931,0.5004721141130202,0.5226661598843969,0.25139084412305046,0.2580867752051506,0.7437026892991314,0.7487011054753269,1.0,1.0,0.3375371456466339,0.5587816865240581,0.011772696253562443,0.009178066084867601,0.509324192642745,0.34711001274258574,0.01364157836421959,0.0096272770391603,0.009114842621503227,0.07941942513554323,1.0,0.003485050241043197,0.0084442729846224,6.071569753178885e-05,0.0001428179077248,0.021051627755789584,0.0568648403233382,1.4645463837105665e-08,3.8411331859915586e-08,0.1305125479836142,0.3008646135498329,0.7150379181336707,1.448682538366168,0.14631377949580485,0.2376820092818586,,,,,,,,,,,,,9.0,9.0,0.011021658788554142,0.0225980354599762,1.0,1.0,1.906373821542393e-07,1.1775754692230168e-06,0.021129472014041015,0.0277200660659031,1.0,1.0,3.0466678305757984e-08,1.200423801814907e-07,0.19077872614211625,0.5690652248714956,1.0,1.0,2.4999425232524303e-13,4.795150319402956e-13,0.019630335032284757,0.0529414026092968,1.0,1.0,1.9969980048702823e-08,8.498490993314957e-08,0.6278629516312803,0.7983157547839945,0.03899714010547812,0.0651623234110491,1.0,1.0,1.297777399766459e-08,5.994961957733436e-08,0.6458686419883377,0.8244538417581879,0.04199028989930396,0.0742769394536051,1.0,1.0,7.727992764469951e-09,3.371191063068708e-08,0.6348675486722702,0.7807273942599537,0.03766898368011767,0.0649805051868066,1.0,1.0,4.537515761644764e-09,1.9045731152847897e-08,0.6345896697319787,0.84278332630052,0.04087544716662332,0.0719798785945832,1.0,1.0,2.418227727543809e-09,9.41528043742741e-09,0.5742375646422253,0.8121947423879783,0.03197619380937908,0.0552202597199694,1.0,1.0,1.431699362380324e-09,6.707209758790262e-09,0.6017461492520706,0.7929361997355407,0.02746826692701346,0.0359032659044419,1.0,1.0,1.1217208363026006e-09,5.691826000626265e-09,0.7755281816007797,0.8907588240980955,,,,,,,,,0.013715631356770246,0.012147865199625255,0.34400981223658356,0.3310644790566848
mac_studio,3,9,checkpoints/numerical_examples/pentagram/mac_studio/seed3/pentagram_k9_seed3,98,2352,4.643210520592586e-06,4.644200160481354e-06,4.057653658610315e-06,1.0002131369845022,0.9881694397939557,0.9748668801319368,189.4516369923561,0.0,True,1482872,"runtime_cpu - p_core_count=16 env=ACCELERATE_NUM_THREADS=16,OMP_NUM_THREADS=16,MKL_NUM_THREADS=16 torch_num_threads=12->16 torch_interop_threads=24->1 interop_status=applied flush_denormal_supported=True",/Users/jjhong0608/Documents/ComplexGeometryGreenNet/checkpoints/numerical_examples/pentagram/mac_studio_rerun_20260903_083728/seed3/pentagram_k9_seed3/artifacts_best_energy,100,341.0,9.582222222222223,9.912777777777778,2026-09-04 10:42:37,2026-09-04 20:37:23,4.467414981432999e-06,1.4866598786698825e-05,0.0,0.0,4.467414981432999e-06,1.4866598786698825e-05,8.706157409460764e-06,3.789750805861735e-05,4.467414981432999e-06,1.4866598786698825e-05,4.238742428027764e-06,2.344401114832e-05,9.255728116849953e-07,2.959869702922219e-06,3.3131696163427695e-06,2.2475217387259385e-05,0.009062608590446343,0.0138769677023305,0.009830746598160323,0.0179757461817948,0.5007600535635445,0.5220938705862386,0.2514238303198648,0.2550894969213384,0.7440613892818952,0.7490312627912169,1.0,1.0,0.2524425039217323,0.3796518305025738,0.011276955086344855,0.0088895258789752,0.3348648016237234,0.24842426897211162,0.01294307911241552,0.009394555046525699,0.009022672291874232,0.07813628395810002,1.0,0.003036722914368142,0.0075799367409371,5.9073908898559844e-05,0.0001300686848606,0.023042649242473255,0.0718045715156544,1.2660220478421301e-08,3.2391116131668015e-08,0.11877440571137385,0.2724144604387029,0.7980214643381293,2.059889840476832,0.1420224766625327,0.215616596216739,,,,,,,,,,,,,9.0,9.0,0.011319065174079983,0.0210340718472976,1.0,1.0,1.747462151460919e-07,9.999267900216088e-07,0.02033305991451192,0.0266604343342576,1.0,1.0,3.3413119053771634e-08,1.226337430071932e-07,0.22068176626909808,0.5725370378808702,1.0,1.0,2.6489372195601576e-13,4.724245113054255e-13,0.0192639576478249,0.0349134515096172,1.0,1.0,2.147438566121018e-08,8.507679419850567e-08,0.6247166056174996,0.8345794331355747,0.041018320910246514,0.0686204457518768,1.0,1.0,1.3621561848842456e-08,5.71879200547668e-08,0.6313944427355522,0.8183969017069231,0.0392976791457069,0.0772674737882238,1.0,1.0,8.166095013954981e-09,3.3710246001504464e-08,0.6326629090276,0.7567432344805094,0.036831526133574266,0.0712958627961508,1.0,1.0,4.869781944295454e-09,2.0283942631050107e-08,0.6373853208470439,0.8421456797882343,0.04325381045653137,0.0711908639228019,1.0,1.0,2.468394483402581e-09,8.605137668359965e-09,0.549448717137953,0.8291793517581596,0.031192222662363715,0.047722665918048,1.0,1.0,1.3796899724506471e-09,5.548943367951471e-09,0.5740148901828523,0.7837082475849234,0.026313891706366162,0.0372823562283073,1.0,1.0,1.0631125078148581e-09,4.720975868926438e-09,0.7633721534556863,0.8821119737284346,,,,,,,,,0.013308206154029854,0.011824103515032809,0.25669365293325386,0.24819135491020883
nvidia_a40,0,10,checkpoints/numerical_examples/pentagram/nvidia_a40/seed0/pentagram_k10_seed0,100,2400,4.516963035527571e-06,4.516963035527571e-06,3.818039252879793e-06,1.0,0.9884036290972829,0.9758389273694554,86.34385501965879,14255.92431640625,True,1482872,not_recorded,/home/jjhong0608/Documents/GreenNetResearch/ComplexGeometry/checkpoints/numerical_examples/pentagram/nvidia_a40_rerun_20260903_083548/seed0/pentagram_k10_seed0/artifacts_best_energy,100,270.0,7.516388888888889,8.077222222222222,2026-09-04 23:54:11,2026-09-05 07:58:49,4.082596027820009e-06,1.4827336772073386e-05,0.0,0.0,4.082596027820009e-06,1.4827336772073386e-05,7.950701406796536e-06,3.557634536549583e-05,4.082596027820009e-06,1.4827336772073386e-05,3.868105378976526e-06,2.074900859342245e-05,8.290097339358779e-07,2.596919333295765e-06,3.039095645040648e-06,1.8938280891053832e-05,0.008777546834666663,0.0129285215427576,0.009486762038073238,0.0181109320117421,0.496428742201265,0.5148828576049094,0.2513637060788454,0.2561980318605236,0.7435603514635383,0.7490005840881556,1.0,1.0,0.253826670986772,0.3620531242810081,0.010942180803557603,0.008743880533067749,0.327921896475627,0.2508240870579722,0.012016362945726083,0.0091798941948274,0.008777546834666663,0.07475840550867419,1.0,0.0027582008612209693,0.0066542281820733,5.441459385038395e-05,0.0001237873748659,0.022096385140354054,0.0465879549725365,1.0982197712652777e-08,3.0219169980879874e-08,0.11539272086349822,0.220213334582185,1.0809877996744193,2.875715239427884,0.14178937658726465,0.2188632429311827,,,,,,,,,,,,,10.0,10.0,0.011869377955184519,0.0221906657386736,1.0,1.0,2.126702673828244e-07,7.951092584337568e-07,0.019365032691131028,0.0261053467772462,1.0,1.0,4.1905258119908743e-08,1.502054386748589e-07,0.21983962426297413,0.4463122621486295,1.0,1.0,3.139943038309956e-13,5.277730556695337e-13,0.02051918296941383,0.0303405088396794,1.0,1.0,2.2808314549646312e-08,8.933248215793878e-08,0.5280555536373039,0.7647828916825417,0.033184073204643935,0.0503812979789985,1.0,1.0,1.3194441879212806e-08,6.125302684520841e-08,0.5634461386167526,0.7929165345171371,0.030737123060516035,0.0535638321658018,1.0,1.0,8.662656496035695e-09,4.1175711685314943e-08,0.6455509784707998,0.7660892732219374,0.03545715914898023,0.0633441904008392,1.0,1.0,5.924757812122909e-09,2.9056756517657904e-08,0.7077734574765406,0.829743579854869,0.04678748861104427,0.0757696671686791,1.0,1.0,3.3773502442642943e-09,1.7074425242370654e-08,0.6200376134060848,0.8730067802769556,0.03751971713693821,0.0640781484317553,1.0,1.0,1.6296626453588508e-09,7.432153921430706e-09,0.5152754057048076,0.7898015679168446,0.026936185852822394,0.0399195869624675,1.0,1.0,1.0581168324461582e-09,4.8797025504981745e-09,0.6517022203217886,0.8327665926111539,0.027116826386307018,0.0369787828444157,1.0,1.0,9.027401515239427e-10,4.276012720557156e-09,0.8468387691362671,0.9283656662935298,0.012681701585743476,0.011227718807055427,0.2588270146264332,0.24882632734711074
mac_studio,1,10,checkpoints/numerical_examples/pentagram/mac_studio/seed1/pentagram_k10_seed1,98,2352,4.59453083958062e-06,4.595195635065091e-06,3.790576217861211e-06,1.0001446927896847,0.9893499287881085,0.9749280878575025,194.60077852505492,0.0,True,1482872,"runtime_cpu - p_core_count=16 env=ACCELERATE_NUM_THREADS=16,OMP_NUM_THREADS=16,MKL_NUM_THREADS=16 torch_num_threads=12->16 torch_interop_threads=24->1 interop_status=applied flush_denormal_supported=True",/Users/jjhong0608/Documents/ComplexGeometryGreenNet/checkpoints/numerical_examples/pentagram/mac_studio_rerun_20260903_083728/seed1/pentagram_k10_seed1/artifacts_best_energy,100,359.0,9.979444444444445,10.318333333333333,2026-09-04 20:35:55,2026-09-05 06:55:01,4.154257062228948e-06,1.3437398158341936e-05,0.0,0.0,4.154257062228948e-06,1.3437398158341936e-05,8.106786895260842e-06,3.195610033904661e-05,4.154257062228948e-06,1.3437398158341936e-05,3.9525298330318925e-06,1.851870218070468e-05,9.148518004759291e-07,3.1335419266885243e-06,3.037678032555964e-06,1.6628335642812308e-05,0.008818105604733397,0.0143959686169505,0.009556703375239721,0.0194236932420898,0.4963533820620077,0.5174761499098279,0.2514965325409505,0.2564142280086745,0.7434788875250409,0.7488108228246163,1.0,1.0,0.2937883012082276,0.4564449645150627,0.01111884330582606,0.0087354641367123,0.3952441842086623,0.28882291686045863,0.012903110057140494,0.00920680598406565,0.008862411193875866,0.07728583189261085,1.0,0.002475353575063238,0.006051766068865,5.4879906748515e-05,0.00011180233087,0.025034404156634354,0.0571032855599217,9.649875665347949e-09,2.6304124542806683e-08,0.10860578480828342,0.2173542378910137,0.8538639816349902,1.7790780811178073,0.1301035209681921,0.2076002277807255,,,,,,,,,,,,,10.0,10.0,0.012035483188324933,0.0202947701253911,1.0,1.0,1.943509327120233e-07,8.767183998094062e-07,0.01966287449676223,0.0295635885927997,1.0,1.0,4.010438475560788e-08,1.5718073022209038e-07,0.2335404869372214,0.4597024968656935,1.0,1.0,3.225992637409434e-13,4.979535499518268e-13,0.02087242368908605,0.0312561636377963,1.0,1.0,2.2211786826768516e-08,8.296596569269483e-08,0.5432508766415952,0.7397951740597619,0.03322666364946505,0.0501597116672944,1.0,1.0,1.3073413954457196e-08,5.857398597148177e-08,0.5772197401507829,0.8005963212267728,0.031176146399162,0.0582937668607088,1.0,1.0,8.563372260914311e-09,3.815510146302149e-08,0.6465143056394811,0.7569988499535231,0.03512304505991184,0.0610042197021268,1.0,1.0,5.7667227831470575e-09,2.4971529576791644e-08,0.6990851716599153,0.8226224252175403,0.04471317639174486,0.0646356239461567,1.0,1.0,3.2552474204140965e-09,1.4065331516137922e-08,0.6131770520012381,0.8353368500348239,0.03700849418856264,0.0611472880996981,1.0,1.0,1.6155010071760135e-09,5.534840954412212e-09,0.526183863182105,0.7356458818761313,0.026677400715709242,0.0387574758205514,1.0,1.0,1.0688893140502734e-09,3.890832262159512e-09,0.6622777458801388,0.8274897889951043,0.027631751640832133,0.0382324203502518,1.0,1.0,9.174747716063287e-10,3.4880925385375367e-09,0.8499890149500595,0.9236951374985756,0.012833335580537245,0.011304369942916783,0.2975988952264201,0.2899777071900361
nvidia_a40,2,10,checkpoints/numerical_examples/pentagram/nvidia_a40/seed2/pentagram_k10_seed2,100,2400,4.2394663676116055e-06,4.2394663676116055e-06,3.654656250375939e-06,1.0,0.9905092982687236,0.9796004263975355,86.7298188370963,14255.92431640625,True,1482872,not_recorded,/home/jjhong0608/Documents/GreenNetResearch/ComplexGeometry/checkpoints/numerical_examples/pentagram/nvidia_a40_rerun_20260903_083548/seed2/pentagram_k10_seed2/artifacts_best_energy,100,285.0,7.913888888888889,8.467222222222222,2026-09-04 23:54:35,2026-09-05 08:22:37,4.033446225330452e-06,1.6486804982045395e-05,0.0,0.0,4.033446225330452e-06,1.6486804982045395e-05,8.177031766407049e-06,4.251957982433797e-05,4.033446225330452e-06,1.6486804982045395e-05,4.143585541076596e-06,2.6032774842292573e-05,8.345009444563619e-07,2.7961551209465384e-06,3.3090845966202333e-06,2.382021340435081e-05,0.00876205057262686,0.013847793187979,0.009485621508026844,0.0185874196577524,0.4974803810640502,0.5188546757456021,0.2513407172404067,0.2560419630149184,0.7426434777587463,0.7490923742282536,1.0,1.0,0.3135401796036895,0.532981225264106,0.01075956264773758,0.0087195946958913,0.4590120537142079,0.3116217769616025,0.012099056310485695,0.0091933313606608,0.00876205057262686,0.07628081457685087,1.0,0.002748812487723854,0.006480058767137,5.508178202693041e-05,0.0001279276074372,0.022551162809389513,0.0538639797011252,1.0847947141464753e-08,2.84242764343701e-08,0.11036743789161081,0.2121798070326957,0.7169354430740426,1.5336832450112847,0.12933792342061992,0.240900519026649,,,,,,,,,,,,,10.0,10.0,0.012005269773374525,0.0227540138588212,1.0,1.0,2.0488552237454358e-07,1.0521637640775405e-06,0.020072886840309185,0.0268743750873512,1.0,1.0,3.630550561938056e-08,1.2402023035457822e-07,0.20353801756676645,0.4422692786502931,1.0,1.0,3.082909204289684e-13,5.176343112945955e-13,0.020895860500911335,0.0377925606536626,1.0,1.0,2.026010650828064e-08,7.264625343455864e-08,0.5440395886878375,0.7809896189164299,0.034233123920166156,0.065363009363806,1.0,1.0,1.2283305094927457e-08,5.3535011989203215e-08,0.5901311272520701,0.8127094665869335,0.03263264760478026,0.0625846799384841,1.0,1.0,7.97587467886475e-09,3.538584864403845e-08,0.6587282152462086,0.785326537336162,0.03534650259563273,0.0545059599168487,1.0,1.0,5.102602207944087e-09,2.1839353479301148e-08,0.681862315559559,0.835692494167526,0.04388798979720392,0.0728491850704674,1.0,1.0,2.9246168289374298e-09,1.2676925905820013e-08,0.6153080517346389,0.8331549854844355,0.03570141196008025,0.0576919262009605,1.0,1.0,1.5610429536742039e-09,6.947758312300883e-09,0.5573421882250958,0.7435868623943436,0.02766177091161043,0.0383967611976319,1.0,1.0,1.0732667744489686e-09,5.117232901546934e-09,0.6855932235035828,0.8568003482321245,0.028116543835189512,0.0360366369232093,1.0,1.0,9.258839757766846e-10,4.5668299187269e-09,0.8537034008866258,0.9230005651409724,0.012742860793827544,0.011189196108711299,0.31853806679113883,0.3085422924162406
mac_studio,3,10,checkpoints/numerical_examples/pentagram/mac_studio/seed3/pentagram_k10_seed3,98,2352,4.2237767062811e-06,4.229770551062459e-06,3.917189764001673e-06,1.0014190723606307,0.9654262186923871,0.9500478616769488,190.04582389219047,0.0,True,1482872,"runtime_cpu - p_core_count=16 env=ACCELERATE_NUM_THREADS=16,OMP_NUM_THREADS=16,MKL_NUM_THREADS=16 torch_num_threads=12->16 torch_interop_threads=24->1 interop_status=applied flush_denormal_supported=True",/Users/jjhong0608/Documents/ComplexGeometryGreenNet/checkpoints/numerical_examples/pentagram/mac_studio_rerun_20260903_083728/seed3/pentagram_k10_seed3/artifacts_best_energy,100,359.0,9.951666666666666,10.290277777777778,2026-09-04 20:37:26,2026-09-05 06:54:51,4.143856455905902e-06,1.426949860888654e-05,0.0,0.0,4.143856455905902e-06,1.426949860888654e-05,8.061154471420845e-06,3.657607644771049e-05,4.143856455905902e-06,1.426949860888654e-05,3.917298015514944e-06,2.230657783882395e-05,8.342177768494172e-07,2.842326986437871e-06,3.0830802386655276e-06,2.1421226763528816e-05,0.008790707854136954,0.0132082275236953,0.009531981888776462,0.0177834424116668,0.4967939460064013,0.5177108270616702,0.2512778467154489,0.2572800157993375,0.7440499853051614,0.7492838918289593,1.0,1.0,0.24209217549978884,0.3139387218137857,0.010836248026241843,0.008750489145949149,0.29761314602052585,0.24110893367480524,0.01270932797917616,0.0092729582265457,0.0087921634767246,0.07776704186905026,1.0,0.002921559742184138,0.0074633798935652,5.476151452292403e-05,0.0001230111815706,0.021218343353823534,0.0572670847919434,1.168561050884568e-08,3.4733067839124044e-08,0.11675534952018403,0.2366046613016483,0.7686504131015833,1.6540253325370404,0.14354004428695089,0.2584269304394507,,,,,,,,,,,,,10.0,10.0,0.011920690228939152,0.0213850773067322,1.0,1.0,2.098741957749613e-07,1.0075314108247089e-06,0.0202689101744109,0.0334727824446648,1.0,1.0,3.75640577167071e-08,1.6792441965957492e-07,0.2019154661655568,0.4407923231899721,1.0,1.0,2.999688929366366e-13,5.154488792621347e-13,0.02054078702536081,0.0349483664162414,1.0,1.0,2.0853810152962604e-08,9.164764960069e-08,0.541389144378511,0.7751560644713721,0.03316082897586511,0.0725877797585367,1.0,1.0,1.2423326370217873e-08,7.251174472675937e-08,0.5817899635464767,0.8031317925092928,0.032225449617764336,0.0577349327736644,1.0,1.0,8.04077631760749e-09,4.457250302119624e-08,0.6546073686080611,0.7549784262339289,0.03597320841728397,0.0530239995673208,1.0,1.0,5.17561178524229e-09,1.985662240887941e-08,0.6845772980456957,0.8088394029783669,0.044185934266583446,0.071685332574214,1.0,1.0,2.9425756026523135e-09,1.0264962534640469e-08,0.6168943057082035,0.8439860157264519,0.03611474216696607,0.0542536255462299,1.0,1.0,1.5724747197753923e-09,6.427116843757832e-09,0.556643435177274,0.8150243264654051,0.028535335073845793,0.0459400885065063,1.0,1.0,1.0710000946857742e-09,4.831951421259699e-09,0.6778532744725748,0.8455572009822762,0.028100834969898122,0.0388596584957295,1.0,1.0,9.135114235305878e-10,4.2225564342226184e-09,0.8451643389042279,0.928694587703868,0.012841644189165984,0.011200718568524164,0.2478984723347192,0.23628587866485865
